ISIN,Cap,Bewertungstag,Emittent,Brief,Geld
DE000JP4PK25,12250.00,20.12.19,J.P. Morgan,120.92,120.91
DE000JP4QTD3,13100.00,20.12.19,J.P. Morgan,125.76,125.75
DE000JP4QTE1,12100.00,20.12.19,J.P. Morgan,119.74,119.73
DE000JP4QTF8,13000.00,20.12.19,J.P. Morgan,125.41,125.40
DE000JP4QTG6,12900.00,20.12.19,J.P. Morgan,124.99,124.98
DE000JP4QTH4,12400.00,20.12.19,J.P. Morgan,122.03,122.02
DE000JP4QTJ0,12600.00,20.12.19,J.P. Morgan,123.38,123.37
DE000JP4QTK8,11900.00,20.12.19,J.P. Morgan,118.07,118.06
DE000JP4QTL6,10800.00,20.12.19,J.P. Morgan,107.88,107.87
DE000JP4QTM4,10700.00,20.12.19,J.P. Morgan,106.91,106.90
DE000JP4QTN2,10900.00,20.12.19,J.P. Morgan,108.85,108.84
DE000JP4QTP7,11100.00,20.12.19,J.P. Morgan,110.77,110.76
DE000JP4S338,12500.00,20.12.19,J.P. Morgan,122.73,122.72
DE000JP4S346,11500.00,20.12.19,J.P. Morgan,114.51,114.50
DE000JP4S353,12000.00,20.12.19,J.P. Morgan,118.91,118.90
DE000JP52EP5,11800.00,20.12.19,J.P. Morgan,117.20,117.19
DE000JP52EQ3,11200.00,20.12.19,J.P. Morgan,111.72,111.71
DE000JP52ER1,11400.00,20.12.19,J.P. Morgan,113.59,113.58
DE000JP52ES9,11300.00,20.12.19,J.P. Morgan,112.66,112.65
DE000JP52ET7,11700.00,20.12.19,J.P. Morgan,116.32,116.31
DE000JP52EU5,11000.00,20.12.19,J.P. Morgan,109.81,109.80
DE000JP52EV3,11600.00,20.12.19,J.P. Morgan,115.42,115.41
DE000JP52EW1,10400.00,20.12.19,J.P. Morgan,103.98,103.97
DE000JP52EX9,10200.00,20.12.19,J.P. Morgan,102.01,102.00
DE000JP52EY7,10300.00,20.12.19,J.P. Morgan,102.99,102.98
DE000JP52EZ4,10500.00,20.12.19,J.P. Morgan,104.96,104.95
DE000JP52F04,10600.00,20.12.19,J.P. Morgan,105.94,105.93
DE000JP52F12,10100.00,20.12.19,J.P. Morgan,101.02,101.01
DE000JP52F20,10000.00,20.12.19,J.P. Morgan,100.03,100.02
DE000JP549P7,12700.00,20.12.19,J.P. Morgan,123.98,123.97
DE000JP549Q5,12800.00,20.12.19,J.P. Morgan,124.52,124.51
DE000JP549R3,9700.00,20.12.19,J.P. Morgan,97.04,97.03
DE000JP549S1,9900.00,20.12.19,J.P. Morgan,99.04,99.03
DE000JP549T9,9800.00,20.12.19,J.P. Morgan,98.04,98.03
DE000JP549U7,9300.00,20.12.19,J.P. Morgan,93.05,93.04
DE000JP549V5,9400.00,20.12.19,J.P. Morgan,94.05,94.04
DE000JP549W3,9600.00,20.12.19,J.P. Morgan,96.05,96.04
DE000JP549X1,9500.00,20.12.19,J.P. Morgan,95.04,95.03
DE000JP549Y9,9200.00,20.12.19,J.P. Morgan,92.05,92.04
DE000JP549Z6,9000.00,20.12.19,J.P. Morgan,90.06,90.05
DE000JP54A07,9100.00,20.12.19,J.P. Morgan,91.06,91.05
DE000JP5P323,13400.00,20.12.19,J.P. Morgan,126.41,126.40
DE000JP5P331,13500.00,20.12.19,J.P. Morgan,126.52,126.51
DE000JP5P349,13600.00,20.12.19,J.P. Morgan,126.59,126.58
DE000JP5P356,13200.00,20.12.19,J.P. Morgan,126.04,126.03
DE000JP5P364,13300.00,20.12.19,J.P. Morgan,126.25,126.24
DE000JP5P372,8900.00,20.12.19,J.P. Morgan,89.06,89.05
DE000JP5P380,8400.00,20.12.19,J.P. Morgan,84.06,84.05
DE000JP5P398,8500.00,20.12.19,J.P. Morgan,85.06,85.05
DE000JP5P3A5,8700.00,20.12.19,J.P. Morgan,87.06,87.05
DE000JP5P3B3,8800.00,20.12.19,J.P. Morgan,88.06,88.05
DE000JP5P3C1,8300.00,20.12.19,J.P. Morgan,83.06,83.05
DE000JP5P3D9,8600.00,20.12.19,J.P. Morgan,86.07,86.06
DE000JP5P3E7,8100.00,20.12.19,J.P. Morgan,81.06,81.05
DE000JP5P3F4,8200.00,20.12.19,J.P. Morgan,82.06,82.05
DE000JP65GN7,7600.00,20.12.19,J.P. Morgan,76.06,76.05
DE000JP65GQ0,7800.00,20.12.19,J.P. Morgan,78.06,78.05
DE000JP65GR8,7700.00,20.12.19,J.P. Morgan,77.06,77.05
DE000JP65GS6,8000.00,20.12.19,J.P. Morgan,80.06,80.05
DE000JP65GT4,7900.00,20.12.19,J.P. Morgan,79.06,79.05
DE000JP8B1B0,11250.00,19.06.20,J.P. Morgan,110.49,110.48
DE000JP8EK24,12200.00,20.12.19,J.P. Morgan,120.53,120.52
DE000JP8EK32,11950.00,20.12.19,J.P. Morgan,118.49,118.48
DE000JP8EK40,11850.00,20.12.19,J.P. Morgan,117.64,117.63
DE000JP8EK57,12150.00,20.12.19,J.P. Morgan,120.14,120.13
DE000JP8EK65,12050.00,20.12.19,J.P. Morgan,119.33,119.32
DE000JP8EK73,11650.00,20.12.19,J.P. Morgan,115.87,115.86
DE000JP8EK81,11750.00,20.12.19,J.P. Morgan,116.76,116.75
DE000JP8EKG2,11150.00,20.12.19,J.P. Morgan,111.24,111.23
DE000JP8EKH0,11250.00,20.12.19,J.P. Morgan,112.19,112.18
DE000JP8EKJ6,11350.00,20.12.19,J.P. Morgan,113.13,113.12
DE000JP8EKK4,11450.00,20.12.19,J.P. Morgan,114.05,114.04
DE000JP8EKL2,11550.00,20.12.19,J.P. Morgan,114.97,114.96
DE000JP8EKM0,10950.00,20.12.19,J.P. Morgan,109.33,109.32
DE000JP8EKN8,11050.00,20.12.19,J.P. Morgan,110.29,110.28
DE000JP8EKW9,10450.00,20.12.19,J.P. Morgan,104.47,104.46
DE000JP8EKX7,10550.00,20.12.19,J.P. Morgan,105.45,105.44
DE000JP8EKY5,10650.00,20.12.19,J.P. Morgan,106.42,106.41
DE000JP8EKZ2,10750.00,20.12.19,J.P. Morgan,107.40,107.39
DE000JP8EL07,10850.00,20.12.19,J.P. Morgan,108.37,108.36
DE000JP8EL15,10250.00,20.12.19,J.P. Morgan,102.50,102.49
DE000JP8EL23,10350.00,20.12.19,J.P. Morgan,103.49,103.48
DE000JP8ELA3,9750.00,20.12.19,J.P. Morgan,97.54,97.53
DE000JP8ELB1,9850.00,20.12.19,J.P. Morgan,98.53,98.52
DE000JP8ELC9,9950.00,20.12.19,J.P. Morgan,99.53,99.52
DE000JP8ELD7,10050.00,20.12.19,J.P. Morgan,100.52,100.51
DE000JP8ELE5,10150.00,20.12.19,J.P. Morgan,101.51,101.50
DE000JP8ELF2,9550.00,20.12.19,J.P. Morgan,95.54,95.53
DE000JP8ELG0,9650.00,20.12.19,J.P. Morgan,96.55,96.54
DE000JP8ELQ9,9050.00,20.12.19,J.P. Morgan,90.56,90.55
DE000JP8ELR7,9150.00,20.12.19,J.P. Morgan,91.56,91.55
DE000JP8ELS5,9250.00,20.12.19,J.P. Morgan,92.55,92.54
DE000JP8ELT3,9350.00,20.12.19,J.P. Morgan,93.55,93.54
DE000JP8ELU1,9450.00,20.12.19,J.P. Morgan,94.55,94.54
DE000JP8ELV9,8950.00,20.12.19,J.P. Morgan,89.56,89.55
DE000JP8EMS3,12250.00,20.03.20,J.P. Morgan,119.25,119.24
DE000JP8EMT1,12300.00,20.03.20,J.P. Morgan,119.60,119.59
DE000JP8EMU9,12150.00,20.03.20,J.P. Morgan,118.53,118.52
DE000JP8EMV7,12200.00,20.03.20,J.P. Morgan,118.90,118.89
DE000JP8EMW5,12100.00,20.03.20,J.P. Morgan,118.16,118.15
DE000JP8EMX3,12000.00,20.03.20,J.P. Morgan,117.41,117.40
DE000JP8EMY1,12050.00,20.03.20,J.P. Morgan,117.79,117.78
DE000JP8EMZ8,11850.00,20.03.20,J.P. Morgan,116.25,116.24
DE000JP8EN05,11800.00,20.03.20,J.P. Morgan,115.85,115.84
DE000JP8EN13,11900.00,20.03.20,J.P. Morgan,116.64,116.63
DE000JP8EN21,11950.00,20.03.20,J.P. Morgan,117.03,117.02
DE000JP8EN39,11700.00,20.03.20,J.P. Morgan,115.04,115.03
DE000JP8EN47,11750.00,20.03.20,J.P. Morgan,115.45,115.44
DE000JP8EN54,11500.00,20.03.20,J.P. Morgan,113.39,113.38
DE000JP8EN62,11600.00,20.03.20,J.P. Morgan,114.22,114.21
DE000JP8EN70,11550.00,20.03.20,J.P. Morgan,113.81,113.80
DE000JP8EN88,11650.00,20.03.20,J.P. Morgan,114.64,114.63
DE000JP8EN96,11350.00,20.03.20,J.P. Morgan,112.11,112.10
DE000JP8ENA9,11400.00,20.03.20,J.P. Morgan,112.54,112.53
DE000JP8ENB7,11450.00,20.03.20,J.P. Morgan,112.96,112.95
DE000JP8ENC5,11200.00,20.03.20,J.P. Morgan,110.80,110.79
DE000JP8END3,11250.00,20.03.20,J.P. Morgan,111.24,111.23
DE000JP8ENE1,11300.00,20.03.20,J.P. Morgan,111.68,111.67
DE000JP8ENF8,11050.00,20.03.20,J.P. Morgan,109.48,109.47
DE000JP8ENG6,11100.00,20.03.20,J.P. Morgan,109.92,109.91
DE000JP8ENH4,11150.00,20.03.20,J.P. Morgan,110.36,110.35
DE000JP8ENJ0,10900.00,20.03.20,J.P. Morgan,108.14,108.13
DE000JP8ENK8,11000.00,20.03.20,J.P. Morgan,109.03,109.02
DE000JP8ENL6,10950.00,20.03.20,J.P. Morgan,108.58,108.57
DE000JP8ENM4,10800.00,20.03.20,J.P. Morgan,107.23,107.22
DE000JP8ENN2,10850.00,20.03.20,J.P. Morgan,107.69,107.68
DE000JP8ENP7,9000.00,20.03.20,J.P. Morgan,90.00,89.99
DE000JP8ENQ5,10700.00,20.03.20,J.P. Morgan,106.32,106.31
DE000JP8ENR3,10750.00,20.03.20,J.P. Morgan,106.78,106.77
DE000JP8ENS1,9150.00,20.03.20,J.P. Morgan,91.47,91.46
DE000JP8ENT9,9100.00,20.03.20,J.P. Morgan,90.98,90.97
DE000JP8ENU7,9050.00,20.03.20,J.P. Morgan,90.49,90.48
DE000JP8ENV5,9300.00,20.03.20,J.P. Morgan,92.94,92.93
DE000JP8ENW3,9250.00,20.03.20,J.P. Morgan,92.45,92.44
DE000JP8ENX1,9200.00,20.03.20,J.P. Morgan,91.96,91.95
DE000JP8ENY9,9450.00,20.03.20,J.P. Morgan,94.41,94.40
DE000JP8ENZ6,9400.00,20.03.20,J.P. Morgan,93.92,93.91
DE000JP8EP03,9350.00,20.03.20,J.P. Morgan,93.43,93.42
DE000JP8EP11,9600.00,20.03.20,J.P. Morgan,95.87,95.86
DE000JP8EP29,9550.00,20.03.20,J.P. Morgan,95.38,95.37
DE000JP8EP37,9500.00,20.03.20,J.P. Morgan,94.90,94.89
DE000JP8EP45,9750.00,20.03.20,J.P. Morgan,97.32,97.31
DE000JP8EP52,9700.00,20.03.20,J.P. Morgan,96.84,96.83
DE000JP8EP60,9650.00,20.03.20,J.P. Morgan,96.36,96.35
DE000JP8EP78,9900.00,20.03.20,J.P. Morgan,98.77,98.76
DE000JP8EP86,9850.00,20.03.20,J.P. Morgan,98.29,98.28
DE000JP8EP94,9800.00,20.03.20,J.P. Morgan,97.81,97.80
DE000JP8EPA4,10050.00,20.03.20,J.P. Morgan,100.21,100.20
DE000JP8EPB2,10000.00,20.03.20,J.P. Morgan,99.73,99.72
DE000JP8EPC0,9950.00,20.03.20,J.P. Morgan,99.25,99.24
DE000JP8EPD8,10150.00,20.03.20,J.P. Morgan,101.16,101.15
DE000JP8EPE6,10100.00,20.03.20,J.P. Morgan,100.69,100.68
DE000JP8EPF3,10300.00,20.03.20,J.P. Morgan,102.59,102.58
DE000JP8EPG1,10250.00,20.03.20,J.P. Morgan,102.11,102.10
DE000JP8EPH9,10200.00,20.03.20,J.P. Morgan,101.64,101.63
DE000JP8EPJ5,10450.00,20.03.20,J.P. Morgan,104.00,103.99
DE000JP8EPK3,10400.00,20.03.20,J.P. Morgan,103.53,103.52
DE000JP8EPL1,10350.00,20.03.20,J.P. Morgan,103.06,103.05
DE000JP8EPM9,10600.00,20.03.20,J.P. Morgan,105.39,105.38
DE000JP8EPN7,10550.00,20.03.20,J.P. Morgan,104.93,104.92
DE000JP8EPP2,10500.00,20.03.20,J.P. Morgan,104.46,104.45
DE000JP8EPQ0,10650.00,20.03.20,J.P. Morgan,105.86,105.85
DE000JP8EPR8,12300.00,19.06.20,J.P. Morgan,118.53,118.52
DE000JP8EPS6,12400.00,19.06.20,J.P. Morgan,119.19,119.18
DE000JP8EPT4,12000.00,19.06.20,J.P. Morgan,116.41,116.40
DE000JP8EPU2,12500.00,19.06.20,J.P. Morgan,119.84,119.83
DE000JP8EPV0,12250.00,19.06.20,J.P. Morgan,118.19,118.18
DE000JP8EPW8,12100.00,19.06.20,J.P. Morgan,117.13,117.12
DE000JP8EPX6,9100.00,19.06.20,J.P. Morgan,90.83,90.82
DE000JP8EPY4,9000.00,19.06.20,J.P. Morgan,89.86,89.85
DE000JP8EPZ1,12200.00,19.06.20,J.P. Morgan,117.84,117.83
DE000JP8EQ02,9250.00,19.06.20,J.P. Morgan,92.27,92.26
DE000JP8EQ10,9200.00,19.06.20,J.P. Morgan,91.79,91.78
DE000JP8EQ28,9500.00,19.06.20,J.P. Morgan,94.67,94.66
DE000JP8EQ36,9400.00,19.06.20,J.P. Morgan,93.71,93.70
DE000JP8EQ44,9300.00,19.06.20,J.P. Morgan,92.75,92.74
DE000JP8EQ51,9700.00,19.06.20,J.P. Morgan,96.56,96.55
DE000JP8EQ69,9600.00,19.06.20,J.P. Morgan,95.61,95.60
DE000JP8EQ77,9900.00,19.06.20,J.P. Morgan,98.44,98.43
DE000JP8EQ85,9800.00,19.06.20,J.P. Morgan,97.50,97.49
DE000JP8EQ93,9750.00,19.06.20,J.P. Morgan,97.03,97.02
DE000JP8EQA2,10200.00,19.06.20,J.P. Morgan,101.22,101.21
DE000JP8EQB0,10100.00,19.06.20,J.P. Morgan,100.30,100.29
DE000JP8EQC8,10000.00,19.06.20,J.P. Morgan,99.37,99.36
DE000JP8EQD6,10400.00,19.06.20,J.P. Morgan,103.05,103.04
DE000JP8EQE4,10300.00,19.06.20,J.P. Morgan,102.14,102.13
DE000JP8EQF1,10250.00,19.06.20,J.P. Morgan,101.68,101.67
DE000JP8EQG9,10700.00,19.06.20,J.P. Morgan,105.74,105.73
DE000JP8EQH7,10600.00,19.06.20,J.P. Morgan,104.85,104.84
DE000JP8EQJ3,10500.00,19.06.20,J.P. Morgan,103.95,103.94
DE000JP8EQK1,10900.00,19.06.20,J.P. Morgan,107.50,107.49
DE000JP8EQL9,10800.00,19.06.20,J.P. Morgan,106.62,106.61
DE000JP8EQM7,10750.00,19.06.20,J.P. Morgan,106.18,106.17
DE000JP8EQN5,11400.00,19.06.20,J.P. Morgan,111.73,111.72
DE000JP8EQP0,11100.00,19.06.20,J.P. Morgan,109.22,109.21
DE000JP8EQQ8,11000.00,19.06.20,J.P. Morgan,108.36,108.35
DE000JP8EQR6,11700.00,19.06.20,J.P. Morgan,114.13,114.12
DE000JP8EQS4,11600.00,19.06.20,J.P. Morgan,113.35,113.34
DE000JP8EQT2,11500.00,19.06.20,J.P. Morgan,112.54,112.53
DE000JP8EQU0,11900.00,19.06.20,J.P. Morgan,115.67,115.66
DE000JP8EQV8,11800.00,19.06.20,J.P. Morgan,114.91,114.90
DE000JP8EQW6,11750.00,19.06.20,J.P. Morgan,114.52,114.51
DE000JP8GCC3,12450.00,20.03.20,J.P. Morgan,120.64,120.63
DE000JP8GCD1,12350.00,20.03.20,J.P. Morgan,119.97,119.96
DE000JP8GCE9,12400.00,20.03.20,J.P. Morgan,120.31,120.30
DE000JP8GCF6,12500.00,20.03.20,J.P. Morgan,120.97,120.96
DE000JP8GCG4,12300.00,20.12.19,J.P. Morgan,121.30,121.29
DE000JP8GCH2,12750.00,20.03.20,J.P. Morgan,122.47,122.46
DE000JP8GCJ8,12700.00,20.03.20,J.P. Morgan,122.18,122.17
DE000JP8GCK6,12600.00,20.03.20,J.P. Morgan,121.59,121.58
DE000JP8GCL4,12900.00,20.03.20,J.P. Morgan,123.27,123.26
DE000JP8GCM2,12800.00,20.03.20,J.P. Morgan,122.74,122.73
DE000JP8GCN0,13200.00,20.03.20,J.P. Morgan,124.60,124.59
DE000JP8GCP5,13100.00,20.03.20,J.P. Morgan,124.20,124.19
DE000JP8GCQ3,13000.00,20.03.20,J.P. Morgan,123.75,123.74
DE000JP8GCR1,12600.00,19.06.20,J.P. Morgan,120.46,120.45
DE000JP8GCS9,13250.00,20.03.20,J.P. Morgan,124.79,124.78
DE000JP8GCT7,12800.00,19.06.20,J.P. Morgan,121.62,121.61
DE000JP8GCU5,12750.00,19.06.20,J.P. Morgan,121.34,121.33
DE000JP8GCV3,12700.00,19.06.20,J.P. Morgan,121.05,121.04
DE000JP8GCW1,13200.00,19.06.20,J.P. Morgan,123.61,123.60
DE000JP8GCX9,13000.00,19.06.20,J.P. Morgan,122.67,122.66
DE000JP8GCY7,12900.00,19.06.20,J.P. Morgan,122.16,122.15
DE000JP8GCZ4,13300.00,19.06.20,J.P. Morgan,124.03,124.02
DE000JP8GD05,13250.00,19.06.20,J.P. Morgan,123.82,123.81
DE000JP8GD13,13100.00,19.06.20,J.P. Morgan,123.03,123.02
DE000JP8GD21,13400.00,19.06.20,J.P. Morgan,124.42,124.41
DE000JP8HCA5,8500.00,19.06.20,J.P. Morgan,84.99,84.98
DE000JP8HCB3,12350.00,20.12.19,J.P. Morgan,121.67,121.66
DE000JP8HCC1,13500.00,19.06.20,J.P. Morgan,124.78,124.77
DE000JP8HCD9,8250.00,19.06.20,J.P. Morgan,82.53,82.52
DE000JP8HCE7,12550.00,20.03.20,J.P. Morgan,121.28,121.27
DE000JP8HCF4,13600.00,19.06.20,J.P. Morgan,125.10,125.09
DE000JP8HCG2,8750.00,19.06.20,J.P. Morgan,87.43,87.42
DE000JP8HCH0,8000.00,19.06.20,J.P. Morgan,80.07,80.06
DE000JP8HCJ6,13400.00,20.03.20,J.P. Morgan,125.29,125.28
DE000JP8HCK4,12450.00,20.12.19,J.P. Morgan,122.38,122.37
DE000JP8HCL2,12550.00,20.12.19,J.P. Morgan,123.06,123.05
DE000JP8HCN8,8900.00,20.03.20,J.P. Morgan,89.01,89.00
DE000JP8HCQ1,12650.00,20.03.20,J.P. Morgan,121.89,121.88
DE000JP8J601,8800.00,20.03.20,J.P. Morgan,88.02,88.01
DE000JP8J6G0,13700.00,19.06.20,J.P. Morgan,125.40,125.39
DE000JP8JJE8,13700.00,19.06.20,J.P. Morgan,125.40,125.39
DE000JP8JJF5,8800.00,20.03.20,J.P. Morgan,88.02,88.01
DE000JP8LTL8,8700.00,20.03.20,J.P. Morgan,87.03,87.02
DE000JP8NPQ1,12650.00,20.12.19,J.P. Morgan,123.68,123.67
DE000JP8U6K7,12750.00,20.12.19,J.P. Morgan,124.25,124.24
DE000JP8U6L5,12850.00,20.12.19,J.P. Morgan,124.76,124.75
DE000JP8U6N1,12950.00,20.03.20,J.P. Morgan,123.51,123.50
DE000JP8U6P6,12950.00,20.12.19,J.P. Morgan,125.21,125.20
DE000JP8U6Q4,13500.00,20.03.20,J.P. Morgan,125.57,125.56
DE000JP8U6R2,13700.00,20.03.20,J.P. Morgan,126.01,126.00
DE000JP8U6S0,12850.00,20.03.20,J.P. Morgan,123.01,123.00
DE000JP8U6T8,13600.00,20.03.20,J.P. Morgan,125.81,125.80
DE000JP8U6U6,13050.00,20.03.20,J.P. Morgan,123.98,123.97
DE000JP8U6V4,14000.00,19.06.20,J.P. Morgan,126.10,126.09
DE000JP8U6W2,13750.00,20.03.20,J.P. Morgan,126.10,126.09
DE000JP8U6X0,13800.00,20.03.20,J.P. Morgan,126.18,126.17
DE000JP8U6Y8,13900.00,19.06.20,J.P. Morgan,125.89,125.88
DE000JP8U6Z5,13800.00,19.06.20,J.P. Morgan,125.66,125.65
DE000JP8YMT9,8900.00,19.06.20,J.P. Morgan,88.89,88.88
DE000JP8YMX1,14300.00,19.06.20,J.P. Morgan,126.55,126.54
DE000JP8YMZ6,7750.00,19.06.20,J.P. Morgan,77.59,77.58
DE000JP8YN01,14200.00,19.06.20,J.P. Morgan,126.42,126.41
DE000JP8YN27,8600.00,20.03.20,J.P. Morgan,86.04,86.03
DE000JP8YN35,8400.00,20.03.20,J.P. Morgan,84.06,84.05
DE000JP8YN50,7500.00,19.06.20,J.P. Morgan,75.11,75.10
DE000JP8YN68,14000.00,20.03.20,J.P. Morgan,126.43,126.42
DE000JP8YN76,13900.00,20.03.20,J.P. Morgan,126.32,126.31
DE000JP8YN92,14100.00,19.06.20,J.P. Morgan,126.27,126.26
DE000JP8YNA7,8500.00,20.03.20,J.P. Morgan,85.05,85.04
DE000JP8YNE9,14250.00,19.06.20,J.P. Morgan,126.49,126.48
DE000JP82DF5,11500.00,18.12.20,J.P. Morgan,111.11,111.10
DE000JP89454,10100.00,18.12.20,J.P. Morgan,99.53,99.52
DE000JP89462,12800.00,18.12.20,J.P. Morgan,119.69,119.68
DE000JP89470,12700.00,18.12.20,J.P. Morgan,119.14,119.13
DE000JP89488,9900.00,18.12.20,J.P. Morgan,97.61,97.60
DE000JP894B7,10000.00,18.12.20,J.P. Morgan,98.49,98.48
DE000JP894F8,12500.00,18.12.20,J.P. Morgan,117.97,117.96
DE000JP894G6,12300.00,18.12.20,J.P. Morgan,116.72,116.71
DE000JP894H4,12600.00,18.12.20,J.P. Morgan,118.56,118.55
DE000JP894M4,12100.00,18.12.20,J.P. Morgan,115.41,115.40
DE000JP894Q5,12400.00,18.12.20,J.P. Morgan,117.35,117.34
DE000JP894R3,11900.00,18.12.20,J.P. Morgan,114.03,114.02
DE000JP894S1,12200.00,18.12.20,J.P. Morgan,116.07,116.06
DE000JP894T9,12000.00,18.12.20,J.P. Morgan,114.73,114.72
DE000JP894U7,11300.00,18.12.20,J.P. Morgan,109.57,109.56
DE000JP894V5,11600.00,18.12.20,J.P. Morgan,111.86,111.85
DE000JP89512,11700.00,18.12.20,J.P. Morgan,112.60,112.59
DE000JP89520,11800.00,18.12.20,J.P. Morgan,113.32,113.31
DE000JP89579,11000.00,18.12.20,J.P. Morgan,107.18,107.17
DE000JP89587,11400.00,18.12.20,J.P. Morgan,110.34,110.33
DE000JP89595,11200.00,18.12.20,J.P. Morgan,108.78,108.77
DE000JP895E8,10900.00,18.12.20,J.P. Morgan,106.36,106.35
DE000JP895F5,11100.00,18.12.20,J.P. Morgan,107.99,107.98
DE000JP895M1,10700.00,18.12.20,J.P. Morgan,104.70,104.69
DE000JP895N9,10600.00,18.12.20,J.P. Morgan,103.86,103.85
DE000JP895P4,10800.00,18.12.20,J.P. Morgan,105.54,105.53
DE000JP895V2,10500.00,18.12.20,J.P. Morgan,103.01,103.00
DE000JP895W0,10300.00,18.12.20,J.P. Morgan,101.28,101.27
DE000JP895X8,9700.00,18.12.20,J.P. Morgan,95.82,95.81
DE000JP895Y6,10200.00,18.12.20,J.P. Morgan,100.41,100.40
DE000JP895Z3,10400.00,18.12.20,J.P. Morgan,102.15,102.14
DE000JP89637,9600.00,18.12.20,J.P. Morgan,94.91,94.90
DE000JP89645,9800.00,18.12.20,J.P. Morgan,96.71,96.70
DE000JP89686,9750.00,18.12.20,J.P. Morgan,96.27,96.26
DE000JP89694,11750.00,18.12.20,J.P. Morgan,112.96,112.95
DE000JP896A4,12250.00,18.12.20,J.P. Morgan,116.40,116.39
DE000JP896B2,9500.00,18.12.20,J.P. Morgan,94.00,93.99
DE000JP896C0,12750.00,18.12.20,J.P. Morgan,119.42,119.41
DE000JP896D8,10250.00,18.12.20,J.P. Morgan,100.85,100.84
DE000JP896E6,10750.00,18.12.20,J.P. Morgan,105.12,105.11
DE000JP896F3,11250.00,18.12.20,J.P. Morgan,109.18,109.17
DE000JP9A467,13250.00,18.12.20,J.P. Morgan,121.66,121.65
DE000JP9A475,9400.00,18.12.20,J.P. Morgan,93.09,93.08
DE000JP9A483,13100.00,18.12.20,J.P. Morgan,121.24,121.23
DE000JP9A491,13500.00,18.12.20,J.P. Morgan,122.73,122.72
DE000JP9A4A6,13200.00,18.12.20,J.P. Morgan,121.43,121.42
DE000JP9A4B4,9200.00,18.12.20,J.P. Morgan,91.25,91.24
DE000JP9A4C2,13000.00,18.12.20,J.P. Morgan,120.74,120.73
DE000JP9A4D0,12900.00,18.12.20,J.P. Morgan,120.23,120.22
DE000JP9A4E8,9250.00,18.12.20,J.P. Morgan,91.71,91.70
DE000JP9A4F5,9300.00,18.12.20,J.P. Morgan,92.17,92.16
DE000JP9A4G3,9000.00,18.12.20,J.P. Morgan,89.40,89.39
DE000JP9A4H1,9100.00,18.12.20,J.P. Morgan,90.33,90.32
DE000JP9BR29,14250.00,18.12.20,J.P. Morgan,125.09,125.08
DE000JP9BR37,13750.00,18.12.20,J.P. Morgan,123.65,123.64
DE000JP9BR60,14000.00,18.12.20,J.P. Morgan,124.44,124.43
DE000JP9WKL2,10550.00,19.06.20,J.P. Morgan,104.40,104.39
DE000JP9WKM0,10350.00,19.06.20,J.P. Morgan,102.59,102.58
DE000JP9WKN8,10150.00,19.06.20,J.P. Morgan,100.76,100.75
DE000JP9WKQ1,10450.00,19.06.20,J.P. Morgan,103.50,103.49
DE000JP9WKR9,10850.00,19.06.20,J.P. Morgan,107.06,107.05
DE000JP9WKS7,10650.00,19.06.20,J.P. Morgan,105.29,105.28
DE000JP9WKT5,10950.00,19.06.20,J.P. Morgan,107.93,107.92
DE000JP9WKU3,11050.00,19.06.20,J.P. Morgan,108.79,108.78
DE000JP9WKV1,11150.00,19.06.20,J.P. Morgan,109.64,109.63
DE000JP9WKW9,11200.00,19.06.20,J.P. Morgan,110.07,110.06
DE000JP9WKX7,11300.00,19.06.20,J.P. Morgan,110.90,110.89
DE000JP9WKY5,11550.00,19.06.20,J.P. Morgan,112.95,112.94
DE000JP9WKZ2,11450.00,19.06.20,J.P. Morgan,112.14,112.13
DE000JP9WL04,11350.00,19.06.20,J.P. Morgan,111.32,111.31
DE000JP9WL12,11850.00,19.06.20,J.P. Morgan,115.29,115.28
DE000JP9WL20,11650.00,19.06.20,J.P. Morgan,113.74,113.73
DE000JP9WL38,12050.00,19.06.20,J.P. Morgan,116.77,116.76
DE000JP9WL46,11950.00,19.06.20,J.P. Morgan,116.04,116.03
DE000JP9WL53,12350.00,19.06.20,J.P. Morgan,118.86,118.85
DE000JP9WL61,12150.00,19.06.20,J.P. Morgan,117.49,117.48
DE000JP9WL79,12550.00,19.06.20,J.P. Morgan,120.15,120.14
DE000JP9WL87,12450.00,19.06.20,J.P. Morgan,119.52,119.51
DE000JP9WL95,12850.00,19.06.20,J.P. Morgan,121.89,121.88
DE000JP9WLA3,12650.00,19.06.20,J.P. Morgan,120.76,120.75
DE000JP9WLB1,12950.00,19.06.20,J.P. Morgan,122.42,122.41
DE000JP99CU0,13600.00,18.12.20,J.P. Morgan,123.11,123.10
DE000JP99CX4,8500.00,18.12.20,J.P. Morgan,84.69,84.68
DE000JP99CY2,8750.00,18.12.20,J.P. Morgan,87.05,87.04
DE000JP99CZ9,13400.00,18.12.20,J.P. Morgan,122.32,122.31
DE000JP99D01,13900.00,18.12.20,J.P. Morgan,124.14,124.13
DE000JP99D19,13050.00,19.06.20,J.P. Morgan,122.79,122.78
DE000JP99CV8,8250.00,18.12.20,J.P. Morgan,82.30,82.29
DE000JP99CW6,14100.00,18.12.20,J.P. Morgan,124.72,124.71
DE000JM0GAF0,10900.00,18.10.19,J.P. Morgan,109.02,109.00
DE000JM0GAG8,11200.00,18.10.19,J.P. Morgan,112.03,112.01
DE000JM0GAH6,11100.00,18.10.19,J.P. Morgan,111.02,111.00
DE000JM0GAJ2,10750.00,18.10.19,J.P. Morgan,107.52,107.50
DE000JM0GAK0,11000.00,18.10.19,J.P. Morgan,110.02,110.00
DE000JM0GAL8,11300.00,18.10.19,J.P. Morgan,113.03,113.01
DE000JM0GAM6,11250.00,18.10.19,J.P. Morgan,112.53,112.51
DE000JM0GAN4,11400.00,18.10.19,J.P. Morgan,114.02,114.00
DE000JM0GAP9,11350.00,18.10.19,J.P. Morgan,113.53,113.51
DE000JM0GAQ7,11450.00,18.10.19,J.P. Morgan,114.52,114.50
DE000JM0GAR5,11550.00,18.10.19,J.P. Morgan,115.52,115.50
DE000JM0GAS3,11500.00,18.10.19,J.P. Morgan,115.02,115.00
DE000JM0GAT1,11650.00,18.10.19,J.P. Morgan,116.52,116.50
DE000JM0GAU9,11600.00,18.10.19,J.P. Morgan,116.02,116.00
DE000JM0GAV7,11750.00,18.10.19,J.P. Morgan,117.51,117.49
DE000JM0GAW5,11700.00,18.10.19,J.P. Morgan,117.02,117.00
DE000JM0GAX3,11850.00,18.10.19,J.P. Morgan,118.51,118.49
DE000JM0GAY1,11800.00,18.10.19,J.P. Morgan,118.01,117.99
DE000JM0GAZ8,11950.00,18.10.19,J.P. Morgan,119.50,119.48
DE000JM0GB02,11900.00,18.10.19,J.P. Morgan,119.01,118.99
DE000JM0GB10,12050.00,18.10.19,J.P. Morgan,120.50,120.48
DE000JM0GB28,12000.00,18.10.19,J.P. Morgan,120.00,119.98
DE000JM0GB36,12100.00,18.10.19,J.P. Morgan,120.99,120.97
DE000JM0GB44,12250.00,18.10.19,J.P. Morgan,122.47,122.45
DE000JM0GB51,12200.00,18.10.19,J.P. Morgan,121.97,121.95
DE000JM0GB69,12150.00,18.10.19,J.P. Morgan,121.48,121.46
DE000JM0GB77,12400.00,18.10.19,J.P. Morgan,123.91,123.89
DE000JM0GB85,12350.00,18.10.19,J.P. Morgan,123.44,123.42
DE000JM0GB93,12300.00,18.10.19,J.P. Morgan,122.95,122.93
DE000JM0GBA9,12500.00,18.10.19,J.P. Morgan,124.83,124.81
DE000JM0GBB7,12450.00,18.10.19,J.P. Morgan,124.38,124.36
DE000JM0GBC5,12600.00,18.10.19,J.P. Morgan,125.65,125.63
DE000JM0GBD3,12650.00,18.10.19,J.P. Morgan,125.99,125.97
DE000JM0GBE1,12550.00,18.10.19,J.P. Morgan,125.26,125.24
DE000JM0GBF8,12750.00,18.10.19,J.P. Morgan,126.47,126.45
DE000JM0GBG6,12700.00,18.10.19,J.P. Morgan,126.27,126.25
DE000JM0GBH4,12850.00,18.10.19,J.P. Morgan,126.67,126.65
DE000JM0GBJ0,12800.00,18.10.19,J.P. Morgan,126.60,126.58
DE000JM0GBK8,13000.00,18.10.19,J.P. Morgan,126.73,126.71
DE000JM0GBL6,12900.00,18.10.19,J.P. Morgan,126.70,126.68
DE000JM0GBM4,13250.00,18.10.19,J.P. Morgan,126.74,126.72
DE000JM0GBN2,13200.00,18.10.19,J.P. Morgan,126.74,126.72
DE000JM0GBP7,13100.00,18.10.19,J.P. Morgan,126.73,126.71
DE000JM0GBQ5,14000.00,18.10.19,J.P. Morgan,126.74,126.72
DE000JM0GBR3,13750.00,18.10.19,J.P. Morgan,126.74,126.72
DE000JM0GBS1,13500.00,18.10.19,J.P. Morgan,126.74,126.72
DE000JM0GBT9,14400.00,18.12.20,J.P. Morgan,125.42,125.41
DE000JM0GBU7,13150.00,19.06.20,J.P. Morgan,123.26,123.25
DE000JM0GBV5,13150.00,20.03.20,J.P. Morgan,124.40,124.39
DE000JM0JNG5,10500.00,18.10.19,J.P. Morgan,105.02,105.00
DE000JM0JNH3,11150.00,18.10.19,J.P. Morgan,111.52,111.50
DE000JM0JPF2,8000.00,18.12.20,J.P. Morgan,79.89,79.88
DE000JM03US5,8100.00,19.06.20,J.P. Morgan,81.05,81.04
DE000JM03UT3,9450.00,19.06.20,J.P. Morgan,94.19,94.18
DE000JM03UU1,8400.00,19.06.20,J.P. Morgan,84.01,84.00
DE000JM03UV9,9550.00,19.06.20,J.P. Morgan,95.14,95.13
DE000JM03UW7,8600.00,19.06.20,J.P. Morgan,85.97,85.96
DE000JM03UX5,9950.00,19.06.20,J.P. Morgan,98.91,98.90
DE000JM03UY3,9850.00,19.06.20,J.P. Morgan,97.97,97.96
DE000JM03UZ0,9650.00,19.06.20,J.P. Morgan,96.09,96.08
DE000JM03V07,10050.00,19.06.20,J.P. Morgan,99.84,99.83
DE000JM03V15,8600.00,18.12.20,J.P. Morgan,85.64,85.63
DE000JM03V23,8100.00,18.12.20,J.P. Morgan,80.86,80.85
DE000JM03V31,8400.00,18.12.20,J.P. Morgan,83.74,83.73
DE000JM03V49,8900.00,18.12.20,J.P. Morgan,88.46,88.45
DE000JM03V56,7750.00,18.12.20,J.P. Morgan,77.47,77.46
DE000JM03V64,7500.00,18.12.20,J.P. Morgan,75.03,75.02
DE000JM1JRJ8,12250.00,15.11.19,J.P. Morgan,121.75,121.74
DE000JM1JRL4,13500.00,15.11.19,J.P. Morgan,126.69,126.68
DE000JM1JRN0,13000.00,15.11.19,J.P. Morgan,126.21,126.20
DE000JM1JRQ3,10250.00,15.11.19,J.P. Morgan,102.53,102.52
DE000JM1JRS9,10400.00,15.11.19,J.P. Morgan,104.03,104.02
DE000JM1JRU5,12500.00,15.11.19,J.P. Morgan,123.68,123.67
DE000JM1JRW1,10500.00,15.11.19,J.P. Morgan,105.02,105.01
DE000JM1JRY7,11700.00,15.11.19,J.P. Morgan,116.80,116.79
DE000JM1JRZ4,10300.00,15.11.19,J.P. Morgan,103.03,103.02
DE000JM1JS09,10750.00,15.11.19,J.P. Morgan,107.51,107.50
DE000JM1JS25,10950.00,15.11.19,J.P. Morgan,109.49,109.48
DE000JM1JS41,11800.00,15.11.19,J.P. Morgan,117.74,117.73
DE000JM1JS58,12150.00,15.11.19,J.P. Morgan,120.90,120.89
DE000JM1JS74,10800.00,15.11.19,J.P. Morgan,108.00,107.99
DE000JM1JS90,11900.00,15.11.19,J.P. Morgan,118.67,118.66
DE000JM1JSB3,12600.00,15.11.19,J.P. Morgan,124.36,124.35
DE000JM1JSD9,12400.00,15.11.19,J.P. Morgan,122.94,122.93
DE000JM1JSG2,12300.00,15.11.19,J.P. Morgan,122.15,122.14
DE000JM1JSK4,10600.00,15.11.19,J.P. Morgan,106.02,106.01
DE000JM1JSM0,10000.00,15.11.19,J.P. Morgan,100.04,100.03
DE000JM1JSP3,10900.00,15.11.19,J.P. Morgan,109.00,108.99
DE000JM1JSR9,11250.00,15.11.19,J.P. Morgan,112.45,112.44
DE000JM1JST5,12350.00,15.11.19,J.P. Morgan,122.55,122.54
DE000JM1JSV1,13250.00,15.11.19,J.P. Morgan,126.60,126.59
DE000JM1JSX7,10850.00,15.11.19,J.P. Morgan,108.50,108.49
DE000JM1JRK6,11200.00,15.11.19,J.P. Morgan,111.96,111.95
DE000JM1JRM2,11600.00,15.11.19,J.P. Morgan,115.85,115.84
DE000JM1JRP5,11150.00,15.11.19,J.P. Morgan,111.46,111.45
DE000JM1JRR1,11050.00,15.11.19,J.P. Morgan,110.48,110.47
DE000JM1JRT7,11650.00,15.11.19,J.P. Morgan,116.32,116.31
DE000JM1JRV3,11500.00,15.11.19,J.P. Morgan,114.88,114.87
DE000JM1JRX9,11400.00,15.11.19,J.P. Morgan,113.91,113.90
DE000JM1JS17,10200.00,15.11.19,J.P. Morgan,102.03,102.02
DE000JM1JS33,12700.00,15.11.19,J.P. Morgan,124.96,124.95
DE000JM1JS66,10700.00,15.11.19,J.P. Morgan,107.01,107.00
DE000JM1JS82,11000.00,15.11.19,J.P. Morgan,109.99,109.98
DE000JM1JSA5,11950.00,15.11.19,J.P. Morgan,119.13,119.12
DE000JM1JSC1,12100.00,15.11.19,J.P. Morgan,120.47,120.46
DE000JM1JSE7,11550.00,15.11.19,J.P. Morgan,115.37,115.36
DE000JM1JSF4,12200.00,15.11.19,J.P. Morgan,121.33,121.32
DE000JM1JSH0,11750.00,15.11.19,J.P. Morgan,117.27,117.26
DE000JM1JSJ6,12750.00,15.11.19,J.P. Morgan,125.23,125.22
DE000JM1JSL2,11450.00,15.11.19,J.P. Morgan,114.40,114.39
DE000JM1JSN8,12050.00,15.11.19,J.P. Morgan,120.03,120.02
DE000JM1JSQ1,11300.00,15.11.19,J.P. Morgan,112.94,112.93
DE000JM1JSS7,11100.00,15.11.19,J.P. Morgan,110.97,110.96
DE000JM1JSU3,11850.00,15.11.19,J.P. Morgan,118.21,118.20
DE000JM1JSW9,11350.00,15.11.19,J.P. Morgan,113.43,113.42
DE000JM1JSY5,12000.00,15.11.19,J.P. Morgan,119.58,119.57
DE000JM1JSZ2,10650.00,15.11.19,J.P. Morgan,106.52,106.51
DE000JM15NV8,10200.00,18.09.20,J.P. Morgan,100.71,100.70
DE000JM15NW6,10850.00,18.09.20,J.P. Morgan,106.34,106.33
DE000JM15NX4,11450.00,18.09.20,J.P. Morgan,111.21,111.20
DE000JM15NY2,10300.00,18.09.20,J.P. Morgan,101.60,101.59
DE000JM15NZ9,13300.00,18.09.20,J.P. Morgan,122.80,122.79
DE000JM15P01,9600.00,18.09.20,J.P. Morgan,95.27,95.26
DE000JM15P19,10600.00,18.09.20,J.P. Morgan,104.22,104.21
DE000JM15P27,13500.00,18.09.20,J.P. Morgan,123.61,123.60
DE000JM15P35,12800.00,18.09.20,J.P. Morgan,120.34,120.33
DE000JM15P43,11700.00,18.09.20,J.P. Morgan,113.11,113.10
DE000JM15P50,12750.00,18.09.20,J.P. Morgan,120.06,120.05
DE000JM15P68,12600.00,18.09.20,J.P. Morgan,119.19,119.18
DE000JM15P76,11050.00,18.09.20,J.P. Morgan,108.01,108.00
DE000JM15P84,13800.00,18.09.20,J.P. Morgan,124.64,124.63
DE000JM15P92,11750.00,18.09.20,J.P. Morgan,113.48,113.47
DE000JM15PA7,12850.00,18.09.20,J.P. Morgan,120.61,120.60
DE000JM15PB5,11200.00,18.09.20,J.P. Morgan,109.23,109.22
DE000JM15PC3,13050.00,18.09.20,J.P. Morgan,121.64,121.63
DE000JM15PD1,14000.00,18.09.20,J.P. Morgan,125.21,125.20
DE000JM15PE9,12350.00,18.09.20,J.P. Morgan,117.65,117.64
DE000JM15PF6,11350.00,18.09.20,J.P. Morgan,110.42,110.41
DE000JM15PG4,12300.00,18.09.20,J.P. Morgan,117.32,117.31
DE000JM15PH2,12700.00,18.09.20,J.P. Morgan,119.77,119.76
DE000JM15PJ8,11150.00,18.09.20,J.P. Morgan,108.82,108.81
DE000JM15PK6,12900.00,18.09.20,J.P. Morgan,120.88,120.87
DE000JM15PL4,12500.00,18.09.20,J.P. Morgan,118.59,118.58
DE000JM15PM2,8900.00,18.09.20,J.P. Morgan,88.70,88.69
DE000JM15PN0,12550.00,18.09.20,J.P. Morgan,118.89,118.88
DE000JM15PP5,9300.00,18.09.20,J.P. Morgan,92.47,92.46
DE000JM15PQ3,11100.00,18.09.20,J.P. Morgan,108.41,108.40
DE000JM15PR1,10350.00,18.09.20,J.P. Morgan,102.04,102.03
DE000JM15PS9,9250.00,18.09.20,J.P. Morgan,92.01,92.00
DE000JM15PT7,12000.00,18.09.20,J.P. Morgan,115.29,115.28
DE000JM15PU5,11000.00,18.09.20,J.P. Morgan,107.59,107.58
DE000JM15PV3,9750.00,18.09.20,J.P. Morgan,96.65,96.64
DE000JM15PW1,11550.00,18.09.20,J.P. Morgan,111.98,111.97
DE000JM15PX9,10050.00,18.09.20,J.P. Morgan,99.37,99.36
DE000JM15PY7,13700.00,18.09.20,J.P. Morgan,124.33,124.32
DE000JM15PZ4,10400.00,18.09.20,J.P. Morgan,102.48,102.47
DE000JM15Q00,10800.00,18.09.20,J.P. Morgan,105.92,105.91
DE000JM15Q18,8800.00,18.09.20,J.P. Morgan,87.74,87.73
DE000JM15Q26,9200.00,18.09.20,J.P. Morgan,91.54,91.53
DE000JM15Q34,9000.00,18.09.20,J.P. Morgan,89.65,89.64
DE000JM15Q42,9400.00,18.09.20,J.P. Morgan,93.41,93.40
DE000JM15Q59,12150.00,18.09.20,J.P. Morgan,116.32,116.31
DE000JM15Q67,11300.00,18.09.20,J.P. Morgan,110.03,110.02
DE000JM15Q75,13150.00,18.09.20,J.P. Morgan,122.12,122.11
DE000JM15Q83,13200.00,18.09.20,J.P. Morgan,122.35,122.34
DE000JM15Q91,12400.00,18.09.20,J.P. Morgan,117.97,117.96
DE000JM15QA5,13750.00,18.09.20,J.P. Morgan,124.49,124.48
DE000JM15QB3,13100.00,18.09.20,J.P. Morgan,121.88,121.87
DE000JM15QC1,12100.00,18.09.20,J.P. Morgan,115.98,115.97
DE000JM15QD9,12950.00,18.09.20,J.P. Morgan,121.14,121.13
DE000JM15QE7,13000.00,18.09.20,J.P. Morgan,121.39,121.38
DE000JM15QF4,10250.00,18.09.20,J.P. Morgan,101.16,101.15
DE000JM15QG2,11850.00,18.09.20,J.P. Morgan,114.22,114.21
DE000JM15QH0,11650.00,18.09.20,J.P. Morgan,112.74,112.73
DE000JM15QJ6,11250.00,18.09.20,J.P. Morgan,109.63,109.62
DE000JM15QK4,10500.00,18.09.20,J.P. Morgan,103.35,103.34
DE000JM15QL2,11500.00,18.09.20,J.P. Morgan,111.59,111.58
DE000JM15QM0,12650.00,18.09.20,J.P. Morgan,119.49,119.48
DE000JM15QN8,11950.00,18.09.20,J.P. Morgan,114.94,114.93
DE000JM15QP3,13400.00,18.09.20,J.P. Morgan,123.22,123.21
DE000JM15QQ1,9800.00,18.09.20,J.P. Morgan,97.10,97.09
DE000JM15QR9,12250.00,18.09.20,J.P. Morgan,116.99,116.98
DE000JM15QS7,10150.00,18.09.20,J.P. Morgan,100.27,100.26
DE000JM15QT5,12450.00,18.09.20,J.P. Morgan,118.28,118.27
DE000JM15QU3,10900.00,18.09.20,J.P. Morgan,106.76,106.75
DE000JM15QV1,11800.00,18.09.20,J.P. Morgan,113.85,113.84
DE000JM15QW9,9500.00,18.09.20,J.P. Morgan,94.34,94.33
DE000JM15QX7,10550.00,18.09.20,J.P. Morgan,103.78,103.77
DE000JM15QY5,13250.00,18.09.20,J.P. Morgan,122.58,122.57
DE000JM15QZ2,12200.00,18.09.20,J.P. Morgan,116.66,116.65
DE000JM15R09,12050.00,18.09.20,J.P. Morgan,115.64,115.63
DE000JM15R17,10750.00,18.09.20,J.P. Morgan,105.50,105.49
DE000JM15R25,11600.00,18.09.20,J.P. Morgan,112.36,112.35
DE000JM15R33,9700.00,18.09.20,J.P. Morgan,96.19,96.18
DE000JM15R41,10100.00,18.09.20,J.P. Morgan,99.82,99.81
DE000JM15R58,11900.00,18.09.20,J.P. Morgan,114.58,114.57
DE000JM15R66,13900.00,18.09.20,J.P. Morgan,124.94,124.93
DE000JM15R74,10650.00,18.09.20,J.P. Morgan,104.65,104.64
DE000JM15R82,11400.00,18.09.20,J.P. Morgan,110.82,110.81
DE000JM15R90,9900.00,18.09.20,J.P. Morgan,98.01,98.00
DE000JM15RA3,9100.00,18.09.20,J.P. Morgan,90.59,90.58
DE000JM15RB1,10000.00,18.09.20,J.P. Morgan,98.92,98.91
DE000JM15RC9,13600.00,18.09.20,J.P. Morgan,123.98,123.97
DE000JM15RD7,10700.00,18.09.20,J.P. Morgan,105.07,105.06
DE000JM15RE5,10950.00,18.09.20,J.P. Morgan,107.18,107.17
DE000JM15RF2,10450.00,18.09.20,J.P. Morgan,102.92,102.91
DE000JM15RG0,8750.00,18.09.20,J.P. Morgan,87.27,87.26
DE000JM18WW1,14000.00,20.12.19,J.P. Morgan,126.74,126.73
DE000JM18WX9,14100.00,18.09.20,J.P. Morgan,125.45,125.44
DE000MF56VN0,8700.00,20.12.19,Morgan Stanley,87.00,87.00
DE000MF56VP5,8750.00,20.12.19,Morgan Stanley,87.50,87.50
DE000MF56VQ3,8800.00,20.12.19,Morgan Stanley,88.00,88.00
DE000MF56VR1,8850.00,20.12.19,Morgan Stanley,88.50,88.50
DE000MF56VS9,8900.00,20.12.19,Morgan Stanley,89.00,89.00
DE000MF57076,8950.00,20.12.19,Morgan Stanley,89.50,89.50
DE000MF57084,9000.00,20.12.19,Morgan Stanley,90.00,90.00
DE000MF57092,9050.00,20.12.19,Morgan Stanley,90.50,90.50
DE000MF570A2,9100.00,20.12.19,Morgan Stanley,91.00,91.00
DE000MF570B0,9150.00,20.12.19,Morgan Stanley,91.50,91.50
DE000MF570C8,9200.00,20.12.19,Morgan Stanley,92.00,92.00
DE000MF570D6,9250.00,20.12.19,Morgan Stanley,92.50,92.50
DE000MF570E4,9300.00,20.12.19,Morgan Stanley,93.00,93.00
DE000MF570H7,9350.00,20.12.19,Morgan Stanley,93.50,93.50
DE000MF570J3,9400.00,20.12.19,Morgan Stanley,94.00,94.00
DE000MF570M7,9450.00,20.12.19,Morgan Stanley,94.50,94.50
DE000MF570N5,9500.00,20.12.19,Morgan Stanley,95.00,95.00
DE000MF570P0,9550.00,20.12.19,Morgan Stanley,95.50,95.50
DE000MF570Q8,9600.00,20.12.19,Morgan Stanley,96.00,96.00
DE000MF570R6,9650.00,20.12.19,Morgan Stanley,96.50,96.50
DE000MF570S4,9700.00,20.12.19,Morgan Stanley,97.00,97.00
DE000MF570T2,9750.00,20.12.19,Morgan Stanley,97.50,97.50
DE000MF570U0,9800.00,20.12.19,Morgan Stanley,98.00,98.00
DE000MF570V8,9850.00,20.12.19,Morgan Stanley,98.50,98.50
DE000MF570W6,9900.00,20.12.19,Morgan Stanley,99.00,99.00
DE000MF570X4,9950.00,20.12.19,Morgan Stanley,99.50,99.50
DE000MF570Y2,10000.00,20.12.19,Morgan Stanley,100.00,100.00
DE000MF570Z9,10050.00,20.12.19,Morgan Stanley,100.50,100.50
DE000MF57100,10100.00,20.12.19,Morgan Stanley,101.00,101.00
DE000MF57118,10150.00,20.12.19,Morgan Stanley,101.50,101.50
DE000MF57126,10200.00,20.12.19,Morgan Stanley,102.00,102.00
DE000MF57134,10250.00,20.12.19,Morgan Stanley,102.50,102.50
DE000MF57142,10300.00,20.12.19,Morgan Stanley,103.00,103.00
DE000MF57159,10350.00,20.12.19,Morgan Stanley,103.49,103.49
DE000MF57167,10400.00,20.12.19,Morgan Stanley,103.98,103.98
DE000MF57175,10450.00,20.12.19,Morgan Stanley,104.47,104.47
DE000MF57183,10500.00,20.12.19,Morgan Stanley,104.96,104.96
DE000MF57191,10550.00,20.12.19,Morgan Stanley,105.45,105.45
DE000MF571A0,10600.00,20.12.19,Morgan Stanley,105.94,105.94
DE000MF571B8,10650.00,20.12.19,Morgan Stanley,106.43,106.43
DE000MF571C6,10700.00,20.12.19,Morgan Stanley,106.91,106.91
DE000MF571D4,10750.00,20.12.19,Morgan Stanley,107.40,107.40
DE000MF571E2,10800.00,20.12.19,Morgan Stanley,107.89,107.89
DE000MF571F9,10850.00,20.12.19,Morgan Stanley,108.37,108.37
DE000MF571G7,10900.00,20.12.19,Morgan Stanley,108.85,108.85
DE000MF571H5,10950.00,20.12.19,Morgan Stanley,109.33,109.33
DE000MF571J1,11000.00,20.12.19,Morgan Stanley,109.81,109.81
DE000MF571K9,11050.00,20.12.19,Morgan Stanley,110.29,110.29
DE000MF571L7,11100.00,20.12.19,Morgan Stanley,110.77,110.77
DE000MF571M5,11150.00,20.12.19,Morgan Stanley,111.25,111.25
DE000MF571N3,11200.00,20.12.19,Morgan Stanley,111.72,111.72
DE000MF571P8,11250.00,20.12.19,Morgan Stanley,112.19,112.19
DE000MF571Q6,11300.00,20.12.19,Morgan Stanley,112.66,112.66
DE000MF571R4,11350.00,20.12.19,Morgan Stanley,113.13,113.13
DE000MF571S2,11400.00,20.12.19,Morgan Stanley,113.60,113.60
DE000MF571T0,11450.00,20.12.19,Morgan Stanley,114.06,114.06
DE000MF571U8,11500.00,20.12.19,Morgan Stanley,114.52,114.52
DE000MF571V6,11550.00,20.12.19,Morgan Stanley,114.97,114.97
DE000MF571W4,11600.00,20.12.19,Morgan Stanley,115.43,115.43
DE000MF571X2,11650.00,20.12.19,Morgan Stanley,115.88,115.88
DE000MF571Y0,11700.00,20.12.19,Morgan Stanley,116.32,116.32
DE000MF571Z7,11750.00,20.12.19,Morgan Stanley,116.77,116.77
DE000MF57209,11800.00,20.12.19,Morgan Stanley,117.21,117.21
DE000MF57217,11850.00,20.12.19,Morgan Stanley,117.64,117.64
DE000MF57225,11900.00,20.12.19,Morgan Stanley,118.07,118.07
DE000MF57233,11950.00,20.12.19,Morgan Stanley,118.49,118.49
DE000MF57241,12000.00,20.12.19,Morgan Stanley,118.91,118.91
DE000MF57258,12050.00,20.12.19,Morgan Stanley,119.33,119.33
DE000MF57266,12100.00,20.12.19,Morgan Stanley,119.73,119.73
DE000MF57274,12150.00,20.12.19,Morgan Stanley,120.13,120.13
DE000MF57282,12200.00,20.12.19,Morgan Stanley,120.53,120.53
DE000MF57290,12250.00,20.12.19,Morgan Stanley,120.92,120.92
DE000MF572A8,12300.00,20.12.19,Morgan Stanley,121.30,121.30
DE000MF572B6,12350.00,20.12.19,Morgan Stanley,121.66,121.66
DE000MF572C4,12400.00,20.12.19,Morgan Stanley,122.03,122.03
DE000MF572D2,12450.00,20.12.19,Morgan Stanley,122.38,122.38
DE000MF5ZA94,8550.00,20.12.19,Morgan Stanley,85.50,85.50
DE000MF5ZAA4,8600.00,20.12.19,Morgan Stanley,86.00,86.00
DE000MF5ZAB2,8650.00,20.12.19,Morgan Stanley,86.50,86.50
DE000MF6JQT2,8200.00,20.12.19,Morgan Stanley,82.00,82.00
DE000MF6JQU0,8250.00,20.12.19,Morgan Stanley,82.50,82.50
DE000MF6JQV8,8300.00,20.12.19,Morgan Stanley,83.00,83.00
DE000MF6JQW6,8350.00,20.12.19,Morgan Stanley,83.50,83.50
DE000MF6JQX4,8400.00,20.12.19,Morgan Stanley,84.00,84.00
DE000MF6JQY2,8450.00,20.12.19,Morgan Stanley,84.50,84.50
DE000MF6JQZ9,8500.00,20.12.19,Morgan Stanley,85.00,85.00
DE000MF8NK28,7700.00,19.06.20,Morgan Stanley,77.00,77.00
DE000MF8NK44,7800.00,19.06.20,Morgan Stanley,78.00,78.00
DE000MF8NK51,7850.00,19.06.20,Morgan Stanley,78.50,78.50
DE000MF8NK77,7950.00,19.06.20,Morgan Stanley,79.50,79.50
DE000MF8NK93,8050.00,19.06.20,Morgan Stanley,80.50,80.50
DE000MF8NKA3,8100.00,19.06.20,Morgan Stanley,81.00,81.00
DE000MF8NKC9,8200.00,19.06.20,Morgan Stanley,82.00,82.00
DE000MF8NKE5,8300.00,19.06.20,Morgan Stanley,83.00,83.00
DE000MF8NKF2,8350.00,19.06.20,Morgan Stanley,83.50,83.50
DE000MF8NKH8,8450.00,19.06.20,Morgan Stanley,84.50,84.50
DE000MF8NKJ4,8500.00,19.06.20,Morgan Stanley,85.00,85.00
DE000MF8NKL0,8600.00,19.06.20,Morgan Stanley,85.99,85.99
DE000MF8NKN6,8700.00,19.06.20,Morgan Stanley,86.96,86.96
DE000MF8NKQ9,8800.00,19.06.20,Morgan Stanley,87.93,87.93
DE000MF8NKS5,8900.00,19.06.20,Morgan Stanley,88.90,88.90
DE000MF8NK10,7650.00,19.06.20,Morgan Stanley,76.50,76.50
DE000MF8NK36,7750.00,19.06.20,Morgan Stanley,77.50,77.50
DE000MF8NK69,7900.00,19.06.20,Morgan Stanley,79.00,79.00
DE000MF8NK85,8000.00,19.06.20,Morgan Stanley,80.00,80.00
DE000MF8NKB1,8150.00,19.06.20,Morgan Stanley,81.50,81.50
DE000MF8NKD7,8250.00,19.06.20,Morgan Stanley,82.50,82.50
DE000MF8NKG0,8400.00,19.06.20,Morgan Stanley,84.00,84.00
DE000MF8NKK2,8550.00,19.06.20,Morgan Stanley,85.50,85.50
DE000MF8NKM8,8650.00,19.06.20,Morgan Stanley,86.47,86.47
DE000MF8NKP1,8750.00,19.06.20,Morgan Stanley,87.45,87.45
DE000MF8NKR7,8850.00,19.06.20,Morgan Stanley,88.42,88.42
DE000MF8NKT3,8950.00,19.06.20,Morgan Stanley,89.38,89.38
DE000MF8NSG3,8150.00,20.12.19,Morgan Stanley,81.50,81.50
DE000MF8NSK5,8300.00,15.11.19,Morgan Stanley,83.00,83.00
DE000MF8NSM1,8400.00,15.11.19,Morgan Stanley,84.00,84.00
DE000MF8NSP4,8500.00,15.11.19,Morgan Stanley,85.00,85.00
DE000MF8NSR0,8600.00,15.11.19,Morgan Stanley,86.00,86.00
DE000MF8NST6,8700.00,15.11.19,Morgan Stanley,87.00,87.00
DE000MF8NSV2,8800.00,15.11.19,Morgan Stanley,88.00,88.00
DE000MF8NSX8,8900.00,15.11.19,Morgan Stanley,89.00,89.00
DE000MF8NT03,9000.00,15.11.19,Morgan Stanley,90.00,90.00
DE000MF8NSF5,8100.00,20.12.19,Morgan Stanley,81.00,81.00
DE000MF8NSH1,8200.00,15.11.19,Morgan Stanley,82.00,82.00
DE000MF8NSJ7,8250.00,15.11.19,Morgan Stanley,82.50,82.50
DE000MF8NSL3,8350.00,15.11.19,Morgan Stanley,83.50,83.50
DE000MF8NSN9,8450.00,15.11.19,Morgan Stanley,84.50,84.50
DE000MF8NSQ2,8550.00,15.11.19,Morgan Stanley,85.50,85.50
DE000MF8NSS8,8650.00,15.11.19,Morgan Stanley,86.50,86.50
DE000MF8NSU4,8750.00,15.11.19,Morgan Stanley,87.50,87.50
DE000MF8NSW0,8850.00,15.11.19,Morgan Stanley,88.50,88.50
DE000MF8NSY6,8950.00,15.11.19,Morgan Stanley,89.50,89.50
DE000MF8NSZ3,9000.00,19.06.20,Morgan Stanley,89.87,89.87
DE000MF8NT11,9050.00,19.06.20,Morgan Stanley,90.35,90.35
DE000MF8NT37,9100.00,15.11.19,Morgan Stanley,91.00,91.00
DE000MF8NT60,9150.00,15.11.19,Morgan Stanley,91.50,91.50
DE000MF8NT86,9200.00,19.06.20,Morgan Stanley,91.79,91.79
DE000MF8NTB2,9300.00,15.11.19,Morgan Stanley,93.00,93.00
DE000MF8NTD8,9350.00,15.11.19,Morgan Stanley,93.50,93.50
DE000MF8NTG1,9400.00,15.11.19,Morgan Stanley,94.00,94.00
DE000MF8NTK3,9500.00,19.06.20,Morgan Stanley,94.65,94.65
DE000MF8NTM9,9550.00,19.06.20,Morgan Stanley,95.12,95.12
DE000MF8NTP2,9600.00,19.06.20,Morgan Stanley,95.60,95.60
DE000MF8NTR8,9650.00,19.06.20,Morgan Stanley,96.07,96.07
DE000MF8NTT4,9700.00,15.11.19,Morgan Stanley,97.00,97.00
DE000MF8NTV0,9750.00,19.06.20,Morgan Stanley,97.01,97.01
DE000MF8NTX6,9800.00,15.11.19,Morgan Stanley,98.00,98.00
DE000MF8NU18,9900.00,19.06.20,Morgan Stanley,98.41,98.41
DE000MF8NU34,9950.00,15.11.19,Morgan Stanley,99.50,99.50
DE000MF8NU67,10050.00,19.06.20,Morgan Stanley,99.80,99.80
DE000MF8NU83,10150.00,19.06.20,Morgan Stanley,100.73,100.73
DE000MF8NUA2,10250.00,19.06.20,Morgan Stanley,101.64,101.64
DE000MF8NUC8,10350.00,19.06.20,Morgan Stanley,102.55,102.55
DE000MF8NUE4,10450.00,19.06.20,Morgan Stanley,103.46,103.46
DE000MF8NUF1,10500.00,19.06.20,Morgan Stanley,103.90,103.90
DE000MF8NUH7,10600.00,19.06.20,Morgan Stanley,104.80,104.80
DE000MF8NUJ3,10650.00,19.06.20,Morgan Stanley,105.24,105.24
DE000MF8NUL9,10750.00,19.06.20,Morgan Stanley,106.13,106.13
DE000MF8NUN5,8300.00,18.10.19,Morgan Stanley,--,82.98
DE000MF8NUS4,8450.00,18.10.19,Morgan Stanley,--,84.48
DE000MF8NUY2,8600.00,18.10.19,Morgan Stanley,--,85.98
DE000MF8NV66,8800.00,18.10.19,Morgan Stanley,--,87.98
DE000MF8NVB8,8900.00,18.10.19,Morgan Stanley,--,88.98
DE000MF8NVD4,8950.00,18.10.19,Morgan Stanley,--,89.48
DE000MF8NVG7,9050.00,18.10.19,Morgan Stanley,--,90.48
DE000MF8NVM5,9150.00,18.10.19,Morgan Stanley,--,91.48
DE000MF8NVP8,9200.00,18.10.19,Morgan Stanley,--,91.98
DE000MF8NVR4,9250.00,18.10.19,Morgan Stanley,--,92.48
DE000MF8NVT0,9350.00,18.10.19,Morgan Stanley,--,93.48
DE000MF8NVV6,9450.00,18.10.19,Morgan Stanley,--,94.48
DE000MF8NT29,9050.00,15.11.19,Morgan Stanley,90.50,90.50
DE000MF8NVX2,9550.00,18.10.19,Morgan Stanley,--,95.48
DE000MF8NT45,9100.00,19.06.20,Morgan Stanley,90.83,90.83
DE000MF8NW16,9750.00,18.10.19,Morgan Stanley,--,97.48
DE000MF8NT52,9150.00,19.06.20,Morgan Stanley,91.31,91.31
DE000MF8NW32,9850.00,18.10.19,Morgan Stanley,--,98.48
DE000MF8NT78,9200.00,15.11.19,Morgan Stanley,92.00,92.00
DE000MF8NW65,10000.00,15.11.19,Morgan Stanley,100.00,100.00
DE000MF8NT94,9250.00,15.11.19,Morgan Stanley,92.50,92.50
DE000MF8NW81,10050.00,15.11.19,Morgan Stanley,100.50,100.50
DE000MF8NTA4,9250.00,19.06.20,Morgan Stanley,92.27,92.27
DE000MF8NWA8,10100.00,18.10.19,Morgan Stanley,--,100.98
DE000MF8NTC0,9300.00,19.06.20,Morgan Stanley,92.75,92.75
DE000MF8NWC4,10150.00,18.10.19,Morgan Stanley,--,101.48
DE000MF8NTE6,9350.00,19.06.20,Morgan Stanley,93.22,93.22
DE000MF8NWE0,10200.00,18.10.19,Morgan Stanley,--,101.98
DE000MF8NTF3,9400.00,19.06.20,Morgan Stanley,93.70,93.70
DE000MF8NWF7,10200.00,15.11.19,Morgan Stanley,102.00,102.00
DE000MF8NTH9,9450.00,15.11.19,Morgan Stanley,94.50,94.50
DE000MF8NWH3,10250.00,18.10.19,Morgan Stanley,--,102.48
DE000MF8NTJ5,9450.00,19.06.20,Morgan Stanley,94.18,94.18
DE000MF8NWJ9,10300.00,18.10.19,Morgan Stanley,--,102.98
DE000MF8NTL1,9500.00,15.11.19,Morgan Stanley,95.00,95.00
DE000MF8NWL5,10350.00,15.11.19,Morgan Stanley,103.50,103.50
DE000MF8NTN7,9550.00,15.11.19,Morgan Stanley,95.50,95.50
DE000MF8NWN1,10400.00,18.10.19,Morgan Stanley,--,103.98
DE000MF8NTQ0,9600.00,15.11.19,Morgan Stanley,96.00,96.00
DE000MF8NWQ4,10450.00,18.10.19,Morgan Stanley,--,104.48
DE000MF8NTS6,9650.00,15.11.19,Morgan Stanley,96.50,96.50
DE000MF8NWS0,10500.00,15.11.19,Morgan Stanley,105.00,105.00
DE000MF8NTU2,9700.00,19.06.20,Morgan Stanley,96.54,96.54
DE000MF8NWU6,10550.00,15.11.19,Morgan Stanley,105.50,105.50
DE000MF8NTW8,9750.00,15.11.19,Morgan Stanley,97.50,97.50
DE000MF8NTY4,9800.00,19.06.20,Morgan Stanley,97.48,97.48
DE000MF8NTZ1,9850.00,19.06.20,Morgan Stanley,97.95,97.95
DE000MF8NU00,9850.00,15.11.19,Morgan Stanley,98.50,98.50
DE000MF8NU26,9900.00,15.11.19,Morgan Stanley,99.00,99.00
DE000MF8NU42,9950.00,19.06.20,Morgan Stanley,98.88,98.88
DE000MF8NU59,10000.00,19.06.20,Morgan Stanley,99.34,99.34
DE000MF8NU75,10100.00,19.06.20,Morgan Stanley,100.27,100.27
DE000MF8NU91,10200.00,19.06.20,Morgan Stanley,101.19,101.19
DE000MF8NUB0,10300.00,19.06.20,Morgan Stanley,102.10,102.10
DE000MF8NUD6,10400.00,19.06.20,Morgan Stanley,103.01,103.01
DE000MF8NUG9,10550.00,19.06.20,Morgan Stanley,104.35,104.35
DE000MF8NUK1,10700.00,19.06.20,Morgan Stanley,105.69,105.69
DE000MF8NUM7,10800.00,19.06.20,Morgan Stanley,106.57,106.57
DE000MF8NUP0,8350.00,18.10.19,Morgan Stanley,--,83.48
DE000MF8NUR6,8400.00,18.10.19,Morgan Stanley,--,83.98
DE000MF8NUV8,8500.00,18.10.19,Morgan Stanley,--,84.98
DE000MF8NUX4,8550.00,18.10.19,Morgan Stanley,--,85.48
DE000MF8NV09,8650.00,18.10.19,Morgan Stanley,--,86.48
DE000MF8NV25,8700.00,18.10.19,Morgan Stanley,--,86.98
DE000MF8NV41,8750.00,18.10.19,Morgan Stanley,--,87.48
DE000MF8NV90,8850.00,18.10.19,Morgan Stanley,--,88.48
DE000MF8NVF9,9000.00,18.10.19,Morgan Stanley,--,89.98
DE000MF8NVJ1,9100.00,18.10.19,Morgan Stanley,--,90.98
DE000MF8NVS2,9300.00,18.10.19,Morgan Stanley,--,92.98
DE000MF8NVU8,9400.00,18.10.19,Morgan Stanley,--,93.98
DE000MF8NVW4,9500.00,18.10.19,Morgan Stanley,--,94.98
DE000MF8NVY0,9600.00,18.10.19,Morgan Stanley,--,95.98
DE000MF8NVZ7,9650.00,18.10.19,Morgan Stanley,--,96.48
DE000MF8NW08,9700.00,18.10.19,Morgan Stanley,--,96.98
DE000MF8NW24,9800.00,18.10.19,Morgan Stanley,--,97.98
DE000MF8NW40,9900.00,18.10.19,Morgan Stanley,--,98.98
DE000MF8NW57,9950.00,18.10.19,Morgan Stanley,--,99.48
DE000MF8NW73,10000.00,18.10.19,Morgan Stanley,--,99.98
DE000MF8NW99,10050.00,18.10.19,Morgan Stanley,--,100.48
DE000MF8NWB6,10100.00,15.11.19,Morgan Stanley,101.00,101.00
DE000MF8NWD2,10150.00,15.11.19,Morgan Stanley,101.50,101.50
DE000MF8NWG5,10250.00,15.11.19,Morgan Stanley,102.50,102.50
DE000MF8NWK7,10300.00,15.11.19,Morgan Stanley,103.00,103.00
DE000MF8NWM3,10350.00,18.10.19,Morgan Stanley,--,103.48
DE000MF8NWP6,10400.00,15.11.19,Morgan Stanley,104.00,104.00
DE000MF8NWR2,10450.00,15.11.19,Morgan Stanley,104.50,104.50
DE000MF8NWT8,10500.00,18.10.19,Morgan Stanley,--,104.98
DE000MF8U5Z2,7300.00,19.06.20,Morgan Stanley,73.00,73.00
DE000MF8U605,7350.00,19.06.20,Morgan Stanley,73.50,73.50
DE000MF8U613,7400.00,19.06.20,Morgan Stanley,74.00,74.00
DE000MF8U621,7450.00,19.06.20,Morgan Stanley,74.50,74.50
DE000MF8U639,7500.00,19.06.20,Morgan Stanley,75.00,75.00
DE000MF8U647,7550.00,19.06.20,Morgan Stanley,75.50,75.50
DE000MF8U9V3,7600.00,19.06.20,Morgan Stanley,76.00,76.00
DE000MF8U9W1,7750.00,20.12.19,Morgan Stanley,77.50,77.50
DE000MF8U9X9,7800.00,20.12.19,Morgan Stanley,78.00,78.00
DE000MF8U9Y7,7850.00,15.11.19,Morgan Stanley,78.50,78.50
DE000MF8U9Z4,7850.00,20.12.19,Morgan Stanley,78.50,78.50
DE000MF8UA05,7900.00,15.11.19,Morgan Stanley,79.00,79.00
DE000MF8UA13,7900.00,20.12.19,Morgan Stanley,79.00,79.00
DE000MF8UA21,7950.00,18.10.19,Morgan Stanley,--,79.48
DE000MF8UA39,7950.00,15.11.19,Morgan Stanley,79.50,79.50
DE000MF8UA47,7950.00,20.12.19,Morgan Stanley,79.50,79.50
DE000MF8UA54,8000.00,20.12.19,Morgan Stanley,80.00,80.00
DE000MF8UA62,8000.00,18.10.19,Morgan Stanley,--,79.98
DE000MF8UA70,8000.00,15.11.19,Morgan Stanley,80.00,80.00
DE000MF8UA88,8050.00,20.12.19,Morgan Stanley,80.50,80.50
DE000MF8UAA9,8050.00,18.10.19,Morgan Stanley,--,80.48
DE000MF8UAB7,8050.00,15.11.19,Morgan Stanley,80.50,80.50
DE000MF8UAC5,8100.00,15.11.19,Morgan Stanley,81.00,81.00
DE000MF8UAE1,8100.00,18.10.19,Morgan Stanley,--,80.98
DE000MF8UAF8,8150.00,15.11.19,Morgan Stanley,81.50,81.50
DE000MF8UAG6,8150.00,18.10.19,Morgan Stanley,--,81.48
DE000MF8UAM4,8200.00,18.10.19,Morgan Stanley,--,81.98
DE000MF8UAR3,8250.00,18.10.19,Morgan Stanley,--,82.48
DE000MF90D64,7250.00,19.06.20,Morgan Stanley,72.50,72.50
DE000MF90D72,7600.00,20.12.19,Morgan Stanley,76.00,76.00
DE000MF90D80,7650.00,20.12.19,Morgan Stanley,76.50,76.50
DE000MF90D98,7700.00,20.12.19,Morgan Stanley,77.00,77.00
DE000MF90DA4,7750.00,15.11.19,Morgan Stanley,77.50,77.50
DE000MF90DB2,7800.00,15.11.19,Morgan Stanley,78.00,78.00
DE000MF90DC0,7850.00,18.10.19,Morgan Stanley,--,78.48
DE000MF90DD8,7900.00,18.10.19,Morgan Stanley,--,78.98
DE000MF9AWW7,6900.00,18.12.20,Morgan Stanley,69.00,69.00
DE000MF9AWX5,6950.00,18.12.20,Morgan Stanley,69.50,69.50
DE000MF9AWY3,7000.00,18.12.20,Morgan Stanley,70.00,70.00
DE000MF9AWZ0,7050.00,18.12.20,Morgan Stanley,70.50,70.50
DE000MF9AX01,7100.00,18.12.20,Morgan Stanley,71.00,71.00
DE000MF9AX19,7150.00,18.12.20,Morgan Stanley,71.50,71.50
DE000MF9AX27,7200.00,18.12.20,Morgan Stanley,72.00,72.00
DE000MF9AX35,7250.00,18.12.20,Morgan Stanley,72.50,72.50
DE000MF9AX43,7300.00,18.12.20,Morgan Stanley,73.00,73.00
DE000MF9AX50,7350.00,18.12.20,Morgan Stanley,73.49,73.49
DE000MF9AX68,7400.00,18.12.20,Morgan Stanley,73.98,73.98
DE000MF9AX76,7450.00,18.12.20,Morgan Stanley,74.47,74.47
DE000MF9AX84,7500.00,18.12.20,Morgan Stanley,74.95,74.95
DE000MF9AX92,7550.00,18.12.20,Morgan Stanley,75.44,75.44
DE000MF9AXA1,7600.00,18.12.20,Morgan Stanley,75.93,75.93
DE000MF9AXB9,7650.00,18.12.20,Morgan Stanley,76.41,76.41
DE000MF9AXC7,7700.00,18.12.20,Morgan Stanley,76.90,76.90
DE000MF9AXD5,7750.00,18.12.20,Morgan Stanley,77.38,77.38
DE000MF9AXE3,7800.00,18.12.20,Morgan Stanley,77.86,77.86
DE000MF9AXF0,7850.00,18.12.20,Morgan Stanley,78.35,78.35
DE000MF9AXG8,7900.00,18.12.20,Morgan Stanley,78.83,78.83
DE000MF9AXH6,7950.00,18.12.20,Morgan Stanley,79.31,79.31
DE000MF9AXJ2,8000.00,18.12.20,Morgan Stanley,79.80,79.80
DE000MF9AXK0,8050.00,18.12.20,Morgan Stanley,80.28,80.28
DE000MF9AXL8,8100.00,18.12.20,Morgan Stanley,80.76,80.76
DE000MF9AXM6,8150.00,18.12.20,Morgan Stanley,81.24,81.24
DE000MF9AXN4,8200.00,18.12.20,Morgan Stanley,81.72,81.72
DE000MF9AXP9,8250.00,18.12.20,Morgan Stanley,82.20,82.20
DE000MF9AXQ7,8300.00,18.12.20,Morgan Stanley,82.67,82.67
DE000MF9AXR5,8350.00,18.12.20,Morgan Stanley,83.15,83.15
DE000MF9AXS3,8400.00,18.12.20,Morgan Stanley,83.63,83.63
DE000MF9AXT1,8450.00,18.12.20,Morgan Stanley,84.11,84.11
DE000MF9AXU9,8500.00,18.12.20,Morgan Stanley,84.58,84.58
DE000MF9AXV7,8550.00,18.12.20,Morgan Stanley,85.06,85.06
DE000MF9AXW5,8600.00,18.12.20,Morgan Stanley,85.53,85.53
DE000MF9AXX3,8650.00,18.12.20,Morgan Stanley,86.01,86.01
DE000MF9AXY1,8700.00,18.12.20,Morgan Stanley,86.48,86.48
DE000MF9AXZ8,8750.00,18.12.20,Morgan Stanley,86.95,86.95
DE000MF9AY00,8800.00,18.12.20,Morgan Stanley,87.42,87.42
DE000MF9AY18,8850.00,18.12.20,Morgan Stanley,87.89,87.89
DE000MF9AY26,8900.00,18.12.20,Morgan Stanley,88.36,88.36
DE000MF9AY34,8950.00,18.12.20,Morgan Stanley,88.83,88.83
DE000MF9AY42,9000.00,18.12.20,Morgan Stanley,89.30,89.30
DE000MF9AY59,9050.00,18.12.20,Morgan Stanley,89.77,89.77
DE000MF9AY67,9100.00,18.12.20,Morgan Stanley,90.23,90.23
DE000MF9AY75,9150.00,18.12.20,Morgan Stanley,90.70,90.70
DE000MF9AY83,9200.00,18.12.20,Morgan Stanley,91.16,91.16
DE000MF9AY91,9250.00,18.12.20,Morgan Stanley,91.62,91.62
DE000MF9AYA9,9300.00,18.12.20,Morgan Stanley,92.08,92.08
DE000MF9AYB7,9350.00,18.12.20,Morgan Stanley,92.54,92.54
DE000MF9AYC5,9400.00,18.12.20,Morgan Stanley,93.00,93.00
DE000MF9AYD3,9450.00,18.12.20,Morgan Stanley,93.46,93.46
DE000MF9AYE1,9500.00,18.12.20,Morgan Stanley,93.92,93.92
DE000MF9AYF8,9550.00,18.12.20,Morgan Stanley,94.37,94.37
DE000MF9AYG6,9600.00,18.12.20,Morgan Stanley,94.83,94.83
DE000MF9AYH4,9650.00,18.12.20,Morgan Stanley,95.28,95.28
DE000MF9AYJ0,9700.00,18.12.20,Morgan Stanley,95.73,95.73
DE000MF9AYK8,9750.00,18.12.20,Morgan Stanley,96.18,96.18
DE000MF9AYL6,9800.00,18.12.20,Morgan Stanley,96.63,96.63
DE000MF9AYM4,9850.00,18.12.20,Morgan Stanley,97.07,97.07
DE000MF9AYN2,9900.00,18.12.20,Morgan Stanley,97.52,97.52
DE000MF9AYP7,9950.00,18.12.20,Morgan Stanley,97.96,97.96
DE000MF9AYQ5,10000.00,18.12.20,Morgan Stanley,98.41,98.41
DE000MF9AYR3,10050.00,18.12.20,Morgan Stanley,98.85,98.85
DE000MF9AYS1,10100.00,18.12.20,Morgan Stanley,99.28,99.28
DE000MF9AYT9,10150.00,18.12.20,Morgan Stanley,99.72,99.72
DE000MF9AYU7,10200.00,18.12.20,Morgan Stanley,100.16,100.16
DE000MF9AYV5,10250.00,18.12.20,Morgan Stanley,100.59,100.59
DE000MF9AYW3,10300.00,18.12.20,Morgan Stanley,101.02,101.02
DE000MF9AYX1,10350.00,18.12.20,Morgan Stanley,101.45,101.45
DE000MF9AYY9,10400.00,18.12.20,Morgan Stanley,101.88,101.88
DE000MF9AYZ6,10450.00,18.12.20,Morgan Stanley,102.31,102.31
DE000MF9AZ09,10500.00,18.12.20,Morgan Stanley,102.73,102.73
DE000MF9AZ17,10550.00,18.12.20,Morgan Stanley,103.15,103.15
DE000MF9V8T7,8900.00,17.01.20,Morgan Stanley,89.00,89.00
DE000MF9V8U5,8950.00,17.01.20,Morgan Stanley,89.50,89.50
DE000MF9V8V3,9000.00,17.01.20,Morgan Stanley,90.00,90.00
DE000MF9V8W1,9050.00,17.01.20,Morgan Stanley,90.50,90.50
DE000MF9V8X9,9100.00,17.01.20,Morgan Stanley,91.00,91.00
DE000MF9V8Y7,9150.00,17.01.20,Morgan Stanley,91.50,91.50
DE000MF9V8Z4,9200.00,17.01.20,Morgan Stanley,92.00,92.00
DE000MF9V908,9250.00,17.01.20,Morgan Stanley,92.50,92.50
DE000MF9V916,9300.00,17.01.20,Morgan Stanley,93.00,93.00
DE000MF9V924,9350.00,17.01.20,Morgan Stanley,93.50,93.50
DE000MF9V932,9400.00,17.01.20,Morgan Stanley,94.00,94.00
DE000MF9V940,9450.00,17.01.20,Morgan Stanley,94.50,94.50
DE000MF9V957,9500.00,17.01.20,Morgan Stanley,95.00,95.00
DE000MF9V965,9550.00,17.01.20,Morgan Stanley,95.50,95.50
DE000MF9V973,9600.00,17.01.20,Morgan Stanley,96.00,96.00
DE000MF9V981,9650.00,17.01.20,Morgan Stanley,96.50,96.50
DE000MF9V999,9700.00,17.01.20,Morgan Stanley,97.00,97.00
DE000MF9V9A5,9750.00,17.01.20,Morgan Stanley,97.50,97.50
DE000MF9V9B3,9800.00,17.01.20,Morgan Stanley,98.00,98.00
DE000MF9V9C1,9850.00,17.01.20,Morgan Stanley,98.50,98.50
DE000MF9V9D9,9900.00,17.01.20,Morgan Stanley,99.00,99.00
DE000MF9V9E7,9950.00,17.01.20,Morgan Stanley,99.50,99.50
DE000MF9V9F4,10000.00,17.01.20,Morgan Stanley,99.99,99.99
DE000MF9V9G2,10050.00,17.01.20,Morgan Stanley,100.48,100.48
DE000MF9V9H0,10100.00,17.01.20,Morgan Stanley,100.97,100.97
DE000MF9V9J6,10150.00,17.01.20,Morgan Stanley,101.46,101.46
DE000MF9V9K4,10200.00,17.01.20,Morgan Stanley,101.95,101.95
DE000MF9V9L2,10250.00,17.01.20,Morgan Stanley,102.43,102.43
DE000MF9V9M0,10300.00,17.01.20,Morgan Stanley,102.92,102.92
DE000MF9V9N8,10350.00,17.01.20,Morgan Stanley,103.41,103.41
DE000MF9V9P3,10600.00,18.12.20,Morgan Stanley,103.57,103.57
DE000MF9V9Q1,10650.00,18.12.20,Morgan Stanley,103.99,103.99
DE000MF9V9R9,10700.00,18.12.20,Morgan Stanley,104.41,104.41
DE000MF9V9S7,10750.00,18.12.20,Morgan Stanley,104.82,104.82
DE000MF9V9T5,10800.00,18.12.20,Morgan Stanley,105.23,105.23
DE000MC0FFE1,9100.00,21.02.20,Morgan Stanley,91.00,91.00
DE000MC0FFF8,9150.00,21.02.20,Morgan Stanley,91.50,91.50
DE000MC0FFG6,9200.00,21.02.20,Morgan Stanley,92.00,92.00
DE000MC0FFH4,9250.00,21.02.20,Morgan Stanley,92.50,92.50
DE000MC0FFJ0,9300.00,21.02.20,Morgan Stanley,93.00,93.00
DE000MC0FFK8,9350.00,21.02.20,Morgan Stanley,93.50,93.50
DE000MC0FFL6,9400.00,21.02.20,Morgan Stanley,94.00,94.00
DE000MC0FFM4,9450.00,21.02.20,Morgan Stanley,94.50,94.50
DE000MC0FFN2,9500.00,21.02.20,Morgan Stanley,94.99,94.99
DE000MC0FFP7,9550.00,21.02.20,Morgan Stanley,95.48,95.48
DE000MC0FFQ5,9600.00,21.02.20,Morgan Stanley,95.97,95.97
DE000MC0FFR3,9650.00,21.02.20,Morgan Stanley,96.46,96.46
DE000MC0FFS1,9700.00,21.02.20,Morgan Stanley,96.94,96.94
DE000MC0FFT9,9750.00,21.02.20,Morgan Stanley,97.43,97.43
DE000MC0FFU7,9800.00,21.02.20,Morgan Stanley,97.92,97.92
DE000MC0FFV5,9850.00,21.02.20,Morgan Stanley,98.40,98.40
DE000MC0FFW3,9900.00,21.02.20,Morgan Stanley,98.89,98.89
DE000MC0FFX1,9950.00,21.02.20,Morgan Stanley,99.37,99.37
DE000MC0FFY9,10000.00,21.02.20,Morgan Stanley,99.86,99.86
DE000MC0FFZ6,10050.00,21.02.20,Morgan Stanley,100.34,100.34
DE000MC0FG03,10100.00,21.02.20,Morgan Stanley,100.82,100.82
DE000MC0FG11,10150.00,21.02.20,Morgan Stanley,101.30,101.30
DE000MC0FG29,10200.00,21.02.20,Morgan Stanley,101.78,101.78
DE000MC0FG37,10250.00,21.02.20,Morgan Stanley,102.26,102.26
DE000MC0FG45,10300.00,21.02.20,Morgan Stanley,102.74,102.74
DE000MC0FG52,10350.00,21.02.20,Morgan Stanley,103.22,103.22
DE000MC0FG60,10400.00,17.01.20,Morgan Stanley,103.89,103.89
DE000MC0FG78,10400.00,21.02.20,Morgan Stanley,103.69,103.69
DE000MC0FG86,10450.00,17.01.20,Morgan Stanley,104.38,104.38
DE000MC0FG94,10450.00,21.02.20,Morgan Stanley,104.17,104.17
DE000MC0FGA7,10500.00,17.01.20,Morgan Stanley,104.86,104.86
DE000MC0FGB5,10500.00,21.02.20,Morgan Stanley,104.64,104.64
DE000MC0FGC3,10550.00,21.02.20,Morgan Stanley,105.11,105.11
DE000MC0FGD1,10550.00,17.01.20,Morgan Stanley,105.34,105.34
DE000MC0FGE9,10600.00,21.02.20,Morgan Stanley,105.58,105.58
DE000MC0FGF6,10850.00,18.12.20,Morgan Stanley,105.64,105.64
DE000MC0FGG4,10900.00,18.12.20,Morgan Stanley,106.05,106.05
DE000MC0FGH2,10950.00,18.12.20,Morgan Stanley,106.45,106.45
DE000MC0GVL1,10600.00,17.01.20,Morgan Stanley,105.83,105.83
DE000MC0GVM9,10650.00,21.02.20,Morgan Stanley,106.05,106.05
DE000MC0GVN7,11000.00,18.12.20,Morgan Stanley,106.85,106.85
DE000MC0GVP2,11050.00,18.12.20,Morgan Stanley,107.25,107.25
DE000MC0HA15,10550.00,18.10.19,Morgan Stanley,--,105.48
DE000MC0HA23,10600.00,15.11.19,Morgan Stanley,106.00,106.00
DE000MC0HA31,10650.00,17.01.20,Morgan Stanley,106.31,106.31
DE000MC0HA49,10700.00,21.02.20,Morgan Stanley,106.52,106.52
DE000MC0HA56,10850.00,19.06.20,Morgan Stanley,107.00,107.00
DE000MC0JDQ2,11100.00,18.12.20,Morgan Stanley,107.65,107.65
DE000MC0M9X4,10600.00,18.10.19,Morgan Stanley,--,105.98
DE000MC0M9Y2,10650.00,18.10.19,Morgan Stanley,--,106.48
DE000MC0MA00,10650.00,15.11.19,Morgan Stanley,106.50,106.50
DE000MC0MA18,10700.00,15.11.19,Morgan Stanley,107.00,107.00
DE000MC0MA26,10700.00,17.01.20,Morgan Stanley,106.79,106.79
DE000MC0MA34,10750.00,21.02.20,Morgan Stanley,106.99,106.99
DE000MC0MA42,10750.00,17.01.20,Morgan Stanley,107.26,107.26
DE000MC0MA59,10800.00,21.02.20,Morgan Stanley,107.45,107.45
DE000MC0MA67,10800.00,17.01.20,Morgan Stanley,107.74,107.74
DE000MC0MA75,10850.00,21.02.20,Morgan Stanley,107.91,107.91
DE000MC0MA83,10900.00,19.06.20,Morgan Stanley,107.43,107.43
DE000MC0MA91,10950.00,19.06.20,Morgan Stanley,107.87,107.87
DE000MC0MAA6,11150.00,18.12.20,Morgan Stanley,108.04,108.04
DE000MC0MAB4,11200.00,18.12.20,Morgan Stanley,108.43,108.43
DE000MC07RS7,9350.00,20.03.20,Morgan Stanley,93.45,93.45
DE000MC07RT5,9400.00,20.03.20,Morgan Stanley,93.94,93.94
DE000MC07RU3,9450.00,20.03.20,Morgan Stanley,94.43,94.43
DE000MC07RV1,9500.00,20.03.20,Morgan Stanley,94.91,94.91
DE000MC07RW9,9550.00,20.03.20,Morgan Stanley,95.40,95.40
DE000MC07RX7,9600.00,20.03.20,Morgan Stanley,95.88,95.88
DE000MC07RY5,9650.00,20.03.20,Morgan Stanley,96.37,96.37
DE000MC07RZ2,9700.00,20.03.20,Morgan Stanley,96.85,96.85
DE000MC07S05,9750.00,20.03.20,Morgan Stanley,97.33,97.33
DE000MC07S13,9800.00,20.03.20,Morgan Stanley,97.81,97.81
DE000MC07S21,9850.00,20.03.20,Morgan Stanley,98.29,98.29
DE000MC07S39,9900.00,20.03.20,Morgan Stanley,98.77,98.77
DE000MC07S47,9950.00,20.03.20,Morgan Stanley,99.25,99.25
DE000MC07S54,10000.00,20.03.20,Morgan Stanley,99.73,99.73
DE000MC07S62,10050.00,20.03.20,Morgan Stanley,100.21,100.21
DE000MC07S70,10100.00,20.03.20,Morgan Stanley,100.68,100.68
DE000MC07S88,10150.00,20.03.20,Morgan Stanley,101.16,101.16
DE000MC07S96,10200.00,20.03.20,Morgan Stanley,101.63,101.63
DE000MC07SA3,10250.00,20.03.20,Morgan Stanley,102.11,102.11
DE000MC07SB1,10300.00,20.03.20,Morgan Stanley,102.58,102.58
DE000MC07SC9,10350.00,20.03.20,Morgan Stanley,103.05,103.05
DE000MC07SD7,10400.00,20.03.20,Morgan Stanley,103.52,103.52
DE000MC07SE5,10450.00,20.03.20,Morgan Stanley,103.98,103.98
DE000MC07SF2,10500.00,20.03.20,Morgan Stanley,104.45,104.45
DE000MC07SG0,10550.00,20.03.20,Morgan Stanley,104.92,104.92
DE000MC07SH8,10600.00,20.03.20,Morgan Stanley,105.38,105.38
DE000MC07SJ4,10650.00,20.03.20,Morgan Stanley,105.84,105.84
DE000MC07SK2,10700.00,20.03.20,Morgan Stanley,106.30,106.30
DE000MC07SL0,10750.00,20.03.20,Morgan Stanley,106.76,106.76
DE000MC07SM8,10800.00,20.03.20,Morgan Stanley,107.21,107.21
DE000MC07SN6,10850.00,20.03.20,Morgan Stanley,107.67,107.67
DE000MC0VN20,9100.00,20.03.20,Morgan Stanley,91.00,91.00
DE000MC0VN38,9150.00,20.03.20,Morgan Stanley,91.50,91.50
DE000MC0VN46,9200.00,20.03.20,Morgan Stanley,91.99,91.99
DE000MC0VN53,9250.00,20.03.20,Morgan Stanley,92.47,92.47
DE000MC0VN61,9300.00,20.03.20,Morgan Stanley,92.96,92.96
DE000MC10HK9,10700.00,18.10.19,Morgan Stanley,--,106.98
DE000MC10HL7,10750.00,15.11.19,Morgan Stanley,107.50,107.50
DE000MC10HM5,10900.00,20.03.20,Morgan Stanley,108.12,108.12
DE000MC12AC7,10750.00,18.10.19,Morgan Stanley,--,107.48
DE000MC12AD5,10800.00,18.10.19,Morgan Stanley,--,107.98
DE000MC12AH6,10800.00,15.11.19,Morgan Stanley,108.00,108.00
DE000MC12AK0,10850.00,18.10.19,Morgan Stanley,--,108.48
DE000MC12AL8,10850.00,15.11.19,Morgan Stanley,108.50,108.50
DE000MC12AN4,10850.00,17.01.20,Morgan Stanley,108.21,108.21
DE000MC12AP9,10900.00,15.11.19,Morgan Stanley,109.00,109.00
DE000MC12AR5,10900.00,21.02.20,Morgan Stanley,108.37,108.37
DE000MC12AS3,10900.00,17.01.20,Morgan Stanley,108.69,108.69
DE000MC12AT1,10900.00,18.10.19,Morgan Stanley,--,108.98
DE000MC12AU9,10950.00,21.02.20,Morgan Stanley,108.83,108.83
DE000MC12AV7,10950.00,18.10.19,Morgan Stanley,--,109.48
DE000MC12AW5,10950.00,15.11.19,Morgan Stanley,109.50,109.50
DE000MC12AX3,10950.00,17.01.20,Morgan Stanley,109.16,109.16
DE000MC12AY1,10950.00,20.03.20,Morgan Stanley,108.57,108.57
DE000MC12AZ8,11000.00,20.03.20,Morgan Stanley,109.02,109.02
DE000MC12B07,11000.00,21.02.20,Morgan Stanley,109.29,109.29
DE000MC12B15,11000.00,19.06.20,Morgan Stanley,108.30,108.30
DE000MC12B23,11000.00,17.01.20,Morgan Stanley,109.63,109.63
DE000MC12B31,11050.00,19.06.20,Morgan Stanley,108.73,108.73
DE000MC12B49,11050.00,17.01.20,Morgan Stanley,110.10,110.10
DE000MC12B56,11050.00,20.03.20,Morgan Stanley,109.46,109.46
DE000MC12B64,11050.00,21.02.20,Morgan Stanley,109.74,109.74
DE000MC12B72,11100.00,19.06.20,Morgan Stanley,109.15,109.15
DE000MC12B80,11100.00,20.03.20,Morgan Stanley,109.91,109.91
DE000MC12B98,11150.00,19.06.20,Morgan Stanley,109.57,109.57
DE000MC12BA9,11200.00,19.06.20,Morgan Stanley,109.99,109.99
DE000MC12BB7,11250.00,18.12.20,Morgan Stanley,108.82,108.82
DE000MC12BC5,11300.00,18.12.20,Morgan Stanley,109.21,109.21
DE000MC12BD3,11350.00,18.12.20,Morgan Stanley,109.59,109.59
DE000MC12BE1,11400.00,18.12.20,Morgan Stanley,109.97,109.97
DE000MC12BF8,11450.00,18.12.20,Morgan Stanley,110.35,110.35
DE000MC16XA4,11000.00,18.10.19,Morgan Stanley,--,109.98
DE000MC16XB2,11000.00,15.11.19,Morgan Stanley,110.00,110.00
DE000MC16XC0,11050.00,15.11.19,Morgan Stanley,110.50,110.50
DE000MC16XD8,11100.00,17.01.20,Morgan Stanley,110.57,110.57
DE000MC16XE6,11100.00,21.02.20,Morgan Stanley,110.20,110.20
DE000MC16XF3,11150.00,21.02.20,Morgan Stanley,110.65,110.65
DE000MC16XG1,11150.00,20.03.20,Morgan Stanley,110.35,110.35
DE000MC16XH9,11200.00,20.03.20,Morgan Stanley,110.79,110.79
DE000MC16XJ5,11250.00,19.06.20,Morgan Stanley,110.41,110.41
DE000MC16XK3,11300.00,19.06.20,Morgan Stanley,110.82,110.82
DE000MC16XL1,11500.00,18.12.20,Morgan Stanley,110.72,110.72
DE000MC16XM9,11550.00,18.12.20,Morgan Stanley,111.09,111.09
DE000MC1CLA2,9850.00,17.04.20,Morgan Stanley,98.20,98.20
DE000MC1CLB0,9900.00,17.04.20,Morgan Stanley,98.67,98.67
DE000MC1CLC8,9950.00,17.04.20,Morgan Stanley,99.15,99.15
DE000MC1CLD6,10000.00,17.04.20,Morgan Stanley,99.62,99.62
DE000MC1CLE4,10050.00,17.04.20,Morgan Stanley,100.09,100.09
DE000MC1CLF1,10100.00,17.04.20,Morgan Stanley,100.56,100.56
DE000MC1CLG9,10150.00,17.04.20,Morgan Stanley,101.04,101.04
DE000MC1CLH7,10200.00,17.04.20,Morgan Stanley,101.50,101.50
DE000MC1CLJ3,10250.00,17.04.20,Morgan Stanley,101.97,101.97
DE000MC1CLK1,10300.00,17.04.20,Morgan Stanley,102.44,102.44
DE000MC1CLL9,10350.00,17.04.20,Morgan Stanley,102.90,102.90
DE000MC1CLM7,10400.00,17.04.20,Morgan Stanley,103.37,103.37
DE000MC1CLN5,10450.00,17.04.20,Morgan Stanley,103.83,103.83
DE000MC1CLP0,10500.00,17.04.20,Morgan Stanley,104.29,104.29
DE000MC1CLQ8,10550.00,17.04.20,Morgan Stanley,104.75,104.75
DE000MC1CLR6,10600.00,17.04.20,Morgan Stanley,105.21,105.21
DE000MC1CLS4,10650.00,17.04.20,Morgan Stanley,105.66,105.66
DE000MC1CLT2,10700.00,17.04.20,Morgan Stanley,106.11,106.11
DE000MC1CLU0,10750.00,17.04.20,Morgan Stanley,106.57,106.57
DE000MC1CLV8,10800.00,17.04.20,Morgan Stanley,107.02,107.02
DE000MC1CLW6,10850.00,17.04.20,Morgan Stanley,107.47,107.47
DE000MC1CLX4,10900.00,17.04.20,Morgan Stanley,107.91,107.91
DE000MC1CLZ9,10950.00,17.04.20,Morgan Stanley,108.36,108.36
DE000MC1CM07,11000.00,17.04.20,Morgan Stanley,108.80,108.80
DE000MC1CM64,11050.00,17.04.20,Morgan Stanley,109.24,109.24
DE000MC1CM72,11050.00,18.10.19,Morgan Stanley,--,110.48
DE000MC1CM98,11100.00,17.04.20,Morgan Stanley,109.67,109.67
DE000MC1CMB8,11100.00,18.10.19,Morgan Stanley,--,110.98
DE000MC1CMC6,11100.00,15.11.19,Morgan Stanley,111.00,111.00
DE000MC1CMF9,11150.00,15.11.19,Morgan Stanley,111.50,111.50
DE000MC1CMG7,11150.00,18.10.19,Morgan Stanley,--,111.48
DE000MC1CMJ1,11150.00,17.01.20,Morgan Stanley,111.03,111.03
DE000MC1CMK9,11150.00,17.04.20,Morgan Stanley,110.11,110.11
DE000MC1CML7,11200.00,17.01.20,Morgan Stanley,111.49,111.49
DE000MC1CMM5,11200.00,21.02.20,Morgan Stanley,111.09,111.09
DE000MC1CMN3,11200.00,18.10.19,Morgan Stanley,--,111.98
DE000MC1CMP8,11200.00,15.11.19,Morgan Stanley,112.00,112.00
DE000MC1CMQ6,11200.00,17.04.20,Morgan Stanley,110.54,110.54
DE000MC1CMR4,11250.00,21.02.20,Morgan Stanley,111.54,111.54
DE000MC1CMS2,11250.00,15.11.19,Morgan Stanley,112.49,112.49
DE000MC1CMT0,11250.00,20.03.20,Morgan Stanley,111.22,111.22
DE000MC1CMU8,11250.00,17.01.20,Morgan Stanley,111.95,111.95
DE000MC1CMV6,11250.00,17.04.20,Morgan Stanley,110.97,110.97
DE000MC1CMW4,11300.00,21.02.20,Morgan Stanley,111.98,111.98
DE000MC1CMX2,11300.00,17.04.20,Morgan Stanley,111.40,111.40
DE000MC1CMY0,11300.00,17.01.20,Morgan Stanley,112.41,112.41
DE000MC1CMZ7,11300.00,20.03.20,Morgan Stanley,111.66,111.66
DE000MC1CN06,11350.00,21.02.20,Morgan Stanley,112.42,112.42
DE000MC1CN14,11350.00,19.06.20,Morgan Stanley,111.24,111.24
DE000MC1CN22,11350.00,17.04.20,Morgan Stanley,111.82,111.82
DE000MC1CN30,11350.00,20.03.20,Morgan Stanley,112.09,112.09
DE000MC1CN48,11400.00,17.04.20,Morgan Stanley,112.24,112.24
DE000MC1CN55,11400.00,20.03.20,Morgan Stanley,112.52,112.52
DE000MC1CN63,11400.00,19.06.20,Morgan Stanley,111.64,111.64
DE000MC1CN71,11450.00,19.06.20,Morgan Stanley,112.05,112.05
DE000MC1CN89,11500.00,19.06.20,Morgan Stanley,112.45,112.45
DE000MC1CN97,11600.00,18.12.20,Morgan Stanley,111.46,111.46
DE000MC1CNA8,11650.00,18.12.20,Morgan Stanley,111.82,111.82
DE000MC1CNB6,11700.00,18.12.20,Morgan Stanley,112.19,112.19
DE000MC1CNC4,11750.00,18.12.20,Morgan Stanley,112.54,112.54
DE000MC1G8V7,11250.00,18.10.19,Morgan Stanley,--,112.48
DE000MC1G8W5,11300.00,15.11.19,Morgan Stanley,112.98,112.98
DE000MC1G8X3,11350.00,17.01.20,Morgan Stanley,112.87,112.87
DE000MC1G8Y1,11400.00,21.02.20,Morgan Stanley,112.86,112.86
DE000MC1G8Z8,11450.00,20.03.20,Morgan Stanley,112.94,112.94
DE000MC1G909,11450.00,17.04.20,Morgan Stanley,112.66,112.66
DE000MC1G917,11550.00,19.06.20,Morgan Stanley,112.85,112.85
DE000MC1GCZ9,11300.00,18.10.19,Morgan Stanley,--,112.98
DE000MC1GD04,11400.00,17.01.20,Morgan Stanley,113.32,113.32
DE000MC1GD12,11450.00,21.02.20,Morgan Stanley,113.29,113.29
DE000MC1GD20,11500.00,17.04.20,Morgan Stanley,113.07,113.07
DE000MC1GD38,11600.00,19.06.20,Morgan Stanley,113.25,113.25
DE000MC1GD46,11800.00,18.12.20,Morgan Stanley,112.90,112.90
DE000MC1HGB9,9750.00,17.04.20,Morgan Stanley,97.24,97.24
DE000MC1HGC7,9800.00,17.04.20,Morgan Stanley,97.72,97.72
DE000MC1M9J2,9700.00,17.04.20,Morgan Stanley,96.76,96.76
DE000MC1NQX0,9600.00,17.04.20,Morgan Stanley,95.81,95.81
DE000MC1NQY8,9650.00,17.04.20,Morgan Stanley,96.29,96.29
DE000MC1QXY7,9550.00,17.04.20,Morgan Stanley,95.32,95.32
DE000MC1SPR3,9650.00,15.05.20,Morgan Stanley,96.19,96.19
DE000MC1SPS1,9700.00,15.05.20,Morgan Stanley,96.67,96.67
DE000MC1SPT9,9750.00,15.05.20,Morgan Stanley,97.14,97.14
DE000MC1SPU7,9800.00,15.05.20,Morgan Stanley,97.62,97.62
DE000MC1SPV5,9850.00,15.05.20,Morgan Stanley,98.09,98.09
DE000MC1SPW3,9900.00,15.05.20,Morgan Stanley,98.56,98.56
DE000MC1SPX1,9950.00,15.05.20,Morgan Stanley,99.03,99.03
DE000MC1SPY9,10000.00,15.05.20,Morgan Stanley,99.50,99.50
DE000MC1SPZ6,10050.00,15.05.20,Morgan Stanley,99.97,99.97
DE000MC1SQ05,10100.00,15.05.20,Morgan Stanley,100.43,100.43
DE000MC1SQ13,10150.00,15.05.20,Morgan Stanley,100.90,100.90
DE000MC1SQ21,10200.00,15.05.20,Morgan Stanley,101.36,101.36
DE000MC1SQ39,10250.00,15.05.20,Morgan Stanley,101.83,101.83
DE000MC1SQ47,10300.00,15.05.20,Morgan Stanley,102.29,102.29
DE000MC1SQ54,10350.00,15.05.20,Morgan Stanley,102.75,102.75
DE000MC1SQ62,10400.00,15.05.20,Morgan Stanley,103.21,103.21
DE000MC1SQ70,10450.00,15.05.20,Morgan Stanley,103.66,103.66
DE000MC1SQ88,10500.00,15.05.20,Morgan Stanley,104.12,104.12
DE000MC1SQ96,10550.00,15.05.20,Morgan Stanley,104.57,104.57
DE000MC1SQA7,10600.00,15.05.20,Morgan Stanley,105.02,105.02
DE000MC1SQB5,10650.00,15.05.20,Morgan Stanley,105.47,105.47
DE000MC1SQC3,10700.00,15.05.20,Morgan Stanley,105.92,105.92
DE000MC1SQD1,10750.00,15.05.20,Morgan Stanley,106.37,106.37
DE000MC1SQE9,10800.00,15.05.20,Morgan Stanley,106.81,106.81
DE000MC1SQF6,10850.00,15.05.20,Morgan Stanley,107.25,107.25
DE000MC1SQG4,10900.00,15.05.20,Morgan Stanley,107.70,107.70
DE000MC1SQH2,10950.00,15.05.20,Morgan Stanley,108.13,108.13
DE000MC1SQJ8,11000.00,15.05.20,Morgan Stanley,108.57,108.57
DE000MC1SQK6,11050.00,15.05.20,Morgan Stanley,109.00,109.00
DE000MC1SQL4,11100.00,15.05.20,Morgan Stanley,109.43,109.43
DE000MC1SQM2,11150.00,15.05.20,Morgan Stanley,109.86,109.86
DE000MC1SQN0,11200.00,15.05.20,Morgan Stanley,110.29,110.29
DE000MC1WQC5,9550.00,15.05.20,Morgan Stanley,95.24,95.24
DE000MC1WQD3,9600.00,15.05.20,Morgan Stanley,95.72,95.72
DE000MC2J133,11250.00,15.05.20,Morgan Stanley,110.71,110.71
DE000MC2J141,11300.00,15.05.20,Morgan Stanley,111.13,111.13
DE000MC21S80,11350.00,15.05.20,Morgan Stanley,111.55,111.55
DE000MC21S98,11400.00,15.05.20,Morgan Stanley,111.96,111.97
DE000MC230K5,11450.00,15.05.20,Morgan Stanley,112.38,112.38
DE000MC29TG2,11500.00,15.05.20,Morgan Stanley,112.79,112.79
DE000MC29TH0,11550.00,15.05.20,Morgan Stanley,113.19,113.19
DE000MC2LN79,11350.00,18.10.19,Morgan Stanley,--,113.48
DE000MC2LN95,11350.00,15.11.19,Morgan Stanley,113.46,113.46
DE000MC2LNA7,11400.00,15.11.19,Morgan Stanley,113.95,113.95
DE000MC2LNB5,11450.00,17.01.20,Morgan Stanley,113.77,113.77
DE000MC2LNC3,11500.00,17.01.20,Morgan Stanley,114.21,114.21
DE000MC2LND1,11500.00,20.03.20,Morgan Stanley,113.36,113.36
DE000MC2LNE9,11500.00,21.02.20,Morgan Stanley,113.72,113.72
DE000MC2LNF6,11550.00,17.04.20,Morgan Stanley,113.48,113.48
DE000MC2LNG4,11550.00,20.03.20,Morgan Stanley,113.78,113.78
DE000MC2LNH2,11600.00,15.05.20,Morgan Stanley,113.59,113.59
DE000MC2LNJ8,11600.00,17.04.20,Morgan Stanley,113.89,113.89
DE000MC2LNK6,11650.00,19.06.20,Morgan Stanley,113.64,113.64
DE000MC2LNL4,11850.00,18.12.20,Morgan Stanley,113.25,113.25
DE000MC2Y8S0,10050.00,17.07.20,Morgan Stanley,99.65,99.65
DE000MC2Y8T8,10100.00,17.07.20,Morgan Stanley,100.11,100.11
DE000MC2Y8U6,10150.00,17.07.20,Morgan Stanley,100.57,100.57
DE000MC2Y8V4,10200.00,17.07.20,Morgan Stanley,101.02,101.03
DE000MC2Y8W2,10250.00,17.07.20,Morgan Stanley,101.48,101.48
DE000MC2Y8X0,10300.00,17.07.20,Morgan Stanley,101.93,101.93
DE000MC2Y8Y8,10350.00,17.07.20,Morgan Stanley,102.38,102.38
DE000MC2Y8Z5,10400.00,17.07.20,Morgan Stanley,102.83,102.83
DE000MC2Y900,10450.00,17.07.20,Morgan Stanley,103.28,103.28
DE000MC2Y918,10500.00,17.07.20,Morgan Stanley,103.72,103.72
DE000MC2Y926,10550.00,17.07.20,Morgan Stanley,104.17,104.17
DE000MC2Y934,10600.00,17.07.20,Morgan Stanley,104.61,104.61
DE000MC2Y942,10650.00,17.07.20,Morgan Stanley,105.05,105.05
DE000MC2Y959,10700.00,17.07.20,Morgan Stanley,105.49,105.49
DE000MC2Y967,10750.00,17.07.20,Morgan Stanley,105.92,105.92
DE000MC2Y975,10800.00,17.07.20,Morgan Stanley,106.36,106.36
DE000MC2Y983,10850.00,17.07.20,Morgan Stanley,106.79,106.79
DE000MC2Y991,10900.00,17.07.20,Morgan Stanley,107.22,107.22
DE000MC2Y9A6,10950.00,17.07.20,Morgan Stanley,107.65,107.65
DE000MC2Y9B4,11000.00,17.07.20,Morgan Stanley,108.07,108.07
DE000MC2Y9C2,11050.00,17.07.20,Morgan Stanley,108.49,108.49
DE000MC2Y9D0,11100.00,17.07.20,Morgan Stanley,108.91,108.91
DE000MC2Y9E8,11150.00,17.07.20,Morgan Stanley,109.33,109.33
DE000MC2Y9F5,11200.00,17.07.20,Morgan Stanley,109.75,109.75
DE000MC2Y9G3,11250.00,17.07.20,Morgan Stanley,110.16,110.16
DE000MC2Y9H1,11300.00,17.07.20,Morgan Stanley,110.57,110.57
DE000MC2Y9J7,11350.00,17.07.20,Morgan Stanley,110.97,110.97
DE000MC2Y9K5,11400.00,17.07.20,Morgan Stanley,111.38,111.38
DE000MC2Y9L3,11450.00,17.07.20,Morgan Stanley,111.78,111.78
DE000MC2Y9M1,11500.00,17.07.20,Morgan Stanley,112.18,112.18
DE000MC2Y9N9,11550.00,17.07.20,Morgan Stanley,112.57,112.57
DE000MC2Y9P4,11600.00,17.07.20,Morgan Stanley,112.96,112.96
DE000MC3JXA8,9050.00,15.05.20,Morgan Stanley,90.42,90.42
DE000MC3JXB6,9050.00,21.02.20,Morgan Stanley,90.50,90.50
DE000MC3JXC4,9050.00,17.04.20,Morgan Stanley,90.47,90.47
DE000MC3JXD2,9050.00,17.07.20,Morgan Stanley,90.25,90.25
DE000MC3JXE0,9050.00,20.03.20,Morgan Stanley,90.50,90.50
DE000MC3JXF7,9100.00,17.04.20,Morgan Stanley,90.96,90.96
DE000MC3JXG5,9100.00,15.05.20,Morgan Stanley,90.91,90.91
DE000MC3JXH3,9100.00,17.07.20,Morgan Stanley,90.73,90.73
DE000MC3JXJ9,9150.00,17.07.20,Morgan Stanley,91.21,91.21
DE000MC3JXK7,9150.00,15.05.20,Morgan Stanley,91.39,91.39
DE000MC3JXL5,9150.00,17.04.20,Morgan Stanley,91.45,91.45
DE000MC3JXM3,9200.00,17.04.20,Morgan Stanley,91.94,91.94
DE000MC3JXN1,9200.00,17.07.20,Morgan Stanley,91.69,91.69
DE000MC3JXP6,9200.00,15.05.20,Morgan Stanley,91.87,91.87
DE000MC3JXQ4,9250.00,17.04.20,Morgan Stanley,92.42,92.42
DE000MC3JXR2,9250.00,17.07.20,Morgan Stanley,92.16,92.16
DE000MC3JXS0,9250.00,15.05.20,Morgan Stanley,92.36,92.36
DE000MC3JXT8,9300.00,15.05.20,Morgan Stanley,92.84,92.84
DE000MC3JXU6,9300.00,17.04.20,Morgan Stanley,92.91,92.91
DE000MC3JXV4,9300.00,17.07.20,Morgan Stanley,92.64,92.64
DE000MC3JXW2,9350.00,15.05.20,Morgan Stanley,93.32,93.32
DE000MC3JXX0,9350.00,17.07.20,Morgan Stanley,93.11,93.11
DE000MC3JXY8,9350.00,17.04.20,Morgan Stanley,93.39,93.39
DE000MC3JXZ5,9400.00,15.05.20,Morgan Stanley,93.80,93.80
DE000MC3JY04,9400.00,17.07.20,Morgan Stanley,93.59,93.59
DE000MC3JY12,9400.00,17.04.20,Morgan Stanley,93.88,93.88
DE000MC3JY20,9450.00,15.05.20,Morgan Stanley,94.28,94.28
DE000MC3JY38,9450.00,17.04.20,Morgan Stanley,94.36,94.36
DE000MC3JY46,9450.00,17.07.20,Morgan Stanley,94.06,94.06
DE000MC3JY53,9500.00,17.04.20,Morgan Stanley,94.84,94.84
DE000MC3JY61,9500.00,17.07.20,Morgan Stanley,94.53,94.53
DE000MC3JY79,9500.00,15.05.20,Morgan Stanley,94.76,94.76
DE000MC3JY87,9550.00,17.07.20,Morgan Stanley,95.00,95.00
DE000MC3JY95,9600.00,17.07.20,Morgan Stanley,95.47,95.47
DE000MC3JYA6,9650.00,17.07.20,Morgan Stanley,95.94,95.94
DE000MC3JYB4,9700.00,17.07.20,Morgan Stanley,96.41,96.41
DE000MC3JYC2,9750.00,17.07.20,Morgan Stanley,96.88,96.88
DE000MC3JYD0,9800.00,17.07.20,Morgan Stanley,97.34,97.34
DE000MC3JYE8,9850.00,17.07.20,Morgan Stanley,97.81,97.81
DE000MC3JYF5,9900.00,17.07.20,Morgan Stanley,98.27,98.27
DE000MC3JYG3,9950.00,17.07.20,Morgan Stanley,98.73,98.73
DE000MC3JYH1,10000.00,17.07.20,Morgan Stanley,99.19,99.19
DE000MC30YX5,9400.00,21.08.20,Morgan Stanley,93.45,93.45
DE000MC30YY3,9450.00,21.08.20,Morgan Stanley,93.92,93.92
DE000MC30YZ0,9500.00,21.08.20,Morgan Stanley,94.39,94.39
DE000MC30Z07,9550.00,21.08.20,Morgan Stanley,94.86,94.86
DE000MC30Z15,9600.00,21.08.20,Morgan Stanley,95.32,95.32
DE000MC30Z23,9650.00,21.08.20,Morgan Stanley,95.79,95.79
DE000MC30Z31,9700.00,21.08.20,Morgan Stanley,96.25,96.25
DE000MC30Z49,9750.00,21.08.20,Morgan Stanley,96.72,96.72
DE000MC30Z56,9800.00,21.08.20,Morgan Stanley,97.18,97.18
DE000MC30Z64,9850.00,21.08.20,Morgan Stanley,97.64,97.64
DE000MC30Z72,9900.00,21.08.20,Morgan Stanley,98.10,98.10
DE000MC30Z80,9950.00,21.08.20,Morgan Stanley,98.56,98.56
DE000MC30Z98,10000.00,21.08.20,Morgan Stanley,99.02,99.02
DE000MC30ZA0,10050.00,21.08.20,Morgan Stanley,99.47,99.47
DE000MC30ZB8,10100.00,21.08.20,Morgan Stanley,99.93,99.93
DE000MC30ZC6,10150.00,21.08.20,Morgan Stanley,100.38,100.38
DE000MC30ZD4,10200.00,21.08.20,Morgan Stanley,100.83,100.83
DE000MC30ZE2,10250.00,21.08.20,Morgan Stanley,101.28,101.28
DE000MC30ZF9,10300.00,21.08.20,Morgan Stanley,101.73,101.73
DE000MC30ZG7,10350.00,21.08.20,Morgan Stanley,102.17,102.17
DE000MC30ZH5,10400.00,21.08.20,Morgan Stanley,102.62,102.62
DE000MC30ZJ1,10450.00,21.08.20,Morgan Stanley,103.06,103.06
DE000MC30ZK9,10500.00,21.08.20,Morgan Stanley,103.50,103.50
DE000MC30ZL7,10550.00,21.08.20,Morgan Stanley,103.94,103.94
DE000MC30ZM5,10600.00,21.08.20,Morgan Stanley,104.38,104.38
DE000MC30ZN3,10650.00,21.08.20,Morgan Stanley,104.81,104.81
DE000MC30ZP8,10700.00,21.08.20,Morgan Stanley,105.25,105.25
DE000MC30ZQ6,10750.00,21.08.20,Morgan Stanley,105.68,105.68
DE000MC30ZR4,10800.00,21.08.20,Morgan Stanley,106.11,106.11
DE000MC30ZS2,10850.00,21.08.20,Morgan Stanley,106.53,106.53
DE000MC30ZT0,10900.00,21.08.20,Morgan Stanley,106.96,106.96
DE000MC30ZU8,10950.00,21.08.20,Morgan Stanley,107.38,107.38
DE000MC34HD4,9350.00,21.08.20,Morgan Stanley,92.98,92.98
DE000MC37GQ1,11000.00,21.08.20,Morgan Stanley,107.80,107.80
DE000MC37GR9,11050.00,21.08.20,Morgan Stanley,108.21,108.21
DE000MC37GS7,11100.00,21.08.20,Morgan Stanley,108.63,108.63
DE000MC37GT5,11150.00,21.08.20,Morgan Stanley,109.04,109.04
DE000MC39LY1,11200.00,21.08.20,Morgan Stanley,109.45,109.45
DE000MC3LT23,11250.00,21.08.20,Morgan Stanley,109.86,109.86
DE000MC3LT31,11300.00,21.08.20,Morgan Stanley,110.26,110.26
DE000MC3NBM1,11350.00,21.08.20,Morgan Stanley,110.66,110.66
DE000MC3TTR9,11400.00,21.08.20,Morgan Stanley,111.06,111.06
DE000MC3TTS7,11450.00,21.08.20,Morgan Stanley,111.45,111.45
DE000MC3TTT5,11500.00,21.08.20,Morgan Stanley,111.84,111.84
DE000MC3TTU3,11550.00,21.08.20,Morgan Stanley,112.23,112.23
DE000MC3XW40,9900.00,18.09.20,Morgan Stanley,97.97,97.97
DE000MC3XW57,9950.00,18.09.20,Morgan Stanley,98.42,98.42
DE000MC3XW65,10000.00,18.09.20,Morgan Stanley,98.88,98.88
DE000MC3XW73,10050.00,18.09.20,Morgan Stanley,99.33,99.33
DE000MC3XW81,10100.00,18.09.20,Morgan Stanley,99.78,99.78
DE000MC3XW99,10150.00,18.09.20,Morgan Stanley,100.23,100.23
DE000MC3XWA1,10200.00,18.09.20,Morgan Stanley,100.68,100.68
DE000MC3XWB9,10250.00,18.09.20,Morgan Stanley,101.13,101.13
DE000MC3XWC7,10300.00,18.09.20,Morgan Stanley,101.57,101.57
DE000MC3XWD5,10350.00,18.09.20,Morgan Stanley,102.01,102.01
DE000MC3XWE3,10400.00,18.09.20,Morgan Stanley,102.45,102.45
DE000MC3XWF0,10450.00,18.09.20,Morgan Stanley,102.89,102.89
DE000MC3XWG8,10500.00,18.09.20,Morgan Stanley,103.33,103.33
DE000MC3XWH6,10550.00,18.09.20,Morgan Stanley,103.77,103.77
DE000MC3XWJ2,10600.00,18.09.20,Morgan Stanley,104.20,104.20
DE000MC3XWK0,10650.00,18.09.20,Morgan Stanley,104.63,104.63
DE000MC3XWL8,10700.00,18.09.20,Morgan Stanley,105.06,105.06
DE000MC3XWM6,10750.00,18.09.20,Morgan Stanley,105.49,105.49
DE000MC3XWN4,10800.00,18.09.20,Morgan Stanley,105.91,105.91
DE000MC3XWP9,10850.00,18.09.20,Morgan Stanley,106.33,106.33
DE000MC3XWQ7,10900.00,18.09.20,Morgan Stanley,106.75,106.75
DE000MC3XWR5,10950.00,18.09.20,Morgan Stanley,107.17,107.17
DE000MC3XWS3,11000.00,18.09.20,Morgan Stanley,107.58,107.58
DE000MC3XWT1,11050.00,18.09.20,Morgan Stanley,108.00,108.00
DE000MC3XWU9,11100.00,18.09.20,Morgan Stanley,108.41,108.41
DE000MC3XWV7,11150.00,18.09.20,Morgan Stanley,108.81,108.81
DE000MC3XWW5,11200.00,18.09.20,Morgan Stanley,109.22,109.22
DE000MC3XWX3,11250.00,18.09.20,Morgan Stanley,109.62,109.62
DE000MC3XWY1,11300.00,18.09.20,Morgan Stanley,110.02,110.02
DE000MC3XWZ8,11350.00,18.09.20,Morgan Stanley,110.42,110.42
DE000MC3XX07,11400.00,18.09.20,Morgan Stanley,110.81,110.81
DE000MC3XX15,11450.00,18.09.20,Morgan Stanley,111.20,111.20
DE000MC3XX23,11500.00,18.09.20,Morgan Stanley,111.59,111.59
DE000MC3YUA3,9750.00,18.09.20,Morgan Stanley,96.59,96.59
DE000MC3YUB1,9800.00,18.09.20,Morgan Stanley,97.05,97.05
DE000MC3YUC9,9850.00,18.09.20,Morgan Stanley,97.51,97.51
DE000MC4A0P9,9700.00,18.09.20,Morgan Stanley,96.13,96.13
